OBJECTID,unitid,unitloc,unitshift,unittype,unitsquad,unitradio,unitduties,level_id,staffrank,staffname,staffphone,staffemail,staffstatus,staffpay,staffduty,staffskills,staffagency,apparatus,eventid,uniqueid,poststatus,GlobalID,CreationDate,Creator,EditDate,Editor,start_time,end_time,start_time_txt,end_time_txt,elevation,Z,X,Y
1,gvm-10,,,Traffic Control,,,,,Cpl.,Gert Van Maren,0765555510,gvanmaren@esri.com,,,,Paraglider pilot,,,FIFA World Cup 2026™ - overflow even... 2026-6-11,gvm-10 FIFA World Cup 2026™ - overflow even... 2026-6-11,,{71868649-52B3-4FFC-A7A6-A28021AA3B75},2026-04-29 8:19:00,gvanmaren_3dgis,2026-04-29 8:19:00,gvanmaren_3dgis,2026-06-11 16:58:00,2026-06-11 16:59:00,11/06/2026 4:58:00 PM,11/06/2026 4:59:00 PM,4.595128059,4.595128056,-13704455.44,6321916.625
2,ns-10,,,Traffic Control,,,,,Cpl.,Dude,079333222,,,,,Motor rider,,,FIFA World Cup 2026™ - overflow even... 2026-6-11,ns-10 FIFA World Cup 2026™ - overflow even... 2026-6-11,Off post,{D76DE394-274C-4ED6-9DE8-FF0C9FC7A80A},2026-04-29 8:20:03,gvanmaren_3dgis,2026-04-29 8:21:29,gvanmaren_3dgis,2026-06-11 16:58:00,2026-06-11 16:59:00,11/06/2026 4:58:00 PM,11/06/2026 4:59:00 PM,4.461204052,4.461204052,-13704463.9,6321910.742
3,ww-12,,,Foot Patrol,,,,,Sgt.,,0269998888,,,,,,,,FIFA World Cup 2026™ - overflow even... 2026-6-11,ww-12 FIFA World Cup 2026™ - overflow even... 2026-6-11,,{39832867-45AC-4BC5-BCC3-0EE7FAEE3CD1},2026-04-29 8:22:20,gvanmaren_3dgis,2026-04-29 8:22:20,gvanmaren_3dgis,2026-06-11 16:58:00,2026-06-11 16:59:00,11/06/2026 4:58:00 PM,11/06/2026 4:59:00 PM,4.684360504,4.684360581,-13704353.12,6321875.914
4,okm-98,,,Foot Patrol,,,,,Lt.,,,,,,,,,,FIFA World Cup 2026™ - overflow even... 2026-6-11,okm-98 FIFA World Cup 2026™ - overflow even... 2026-6-11,,{F550B519-7243-433D-AC0E-EA7FB9C95785},2026-04-29 8:23:20,gvanmaren_3dgis,2026-04-29 8:23:20,gvanmaren_3dgis,2026-06-11 16:58:00,2026-06-11 16:59:00,11/06/2026 4:58:00 PM,11/06/2026 4:59:00 PM,4.928792953,4.928793111,-13704356.27,6321861.055
5,evm-99,,,Foot Patrol,,,,,Off.,Sascha Gabor,022563214,,,,,,,,FIFA World Cup 2026™ - overflow even... 2026-6-11,evm-99 FIFA World Cup 2026™ - overflow even... 2026-6-11,,{27381566-2532-4DFB-88E1-7A1883A15E42},2026-04-29 8:24:12,gvanmaren_3dgis,2026-04-29 8:29:46,gvanmaren_3dgis,2026-06-11 16:58:00,2026-06-11 16:59:00,11/06/2026 4:58:00 PM,11/06/2026 4:59:00 PM,4.191029072,4.191029178,-13704278.77,6321903.316
6,rr-56,,,Foot Patrol,,,,,Cpl.,,,,,,,,,,FIFA World Cup 2026™ - overflow even... 2026-6-11,rr-56 FIFA World Cup 2026™ - overflow even... 2026-6-11,,{EE015513-FA91-4A8B-8723-2E2656837B78},2026-04-29 8:24:44,gvanmaren_3dgis,2026-04-29 8:24:44,gvanmaren_3dgis,2026-06-11 16:58:00,2026-06-11 16:59:00,11/06/2026 4:58:00 PM,11/06/2026 4:59:00 PM,4.004535198,4.004535064,-13704271.4,6321896.458
7,emt-34,,,Paramedic,Medics,,,,Off.,Henry Collins,045666333,,,,,,,,FIFA World Cup 2026™ - overflow even... 2026-6-11,emt-34 FIFA World Cup 2026™ - overflow even... 2026-6-11,,{F0E7239C-7624-4CB2-8A98-9A755B258D8D},2026-04-29 8:25:35,gvanmaren_3dgis,2026-04-29 8:28:15,gvanmaren_3dgis,2026-06-11 16:58:00,2026-06-11 16:59:00,11/06/2026 4:58:00 PM,11/06/2026 4:59:00 PM,4.323612213,4.323612213,-13704522.48,6321856.06
8,was-78,,,Paramedic,,,,,Maj.,,,,,,,,,,FIFA World Cup 2026™ - overflow even... 2026-6-11,was-78 FIFA World Cup 2026™ - overflow even... 2026-6-11,,{9B71FCA6-7228-41EF-B1D2-637E609CA1A5},2026-04-29 8:26:07,gvanmaren_3dgis,2026-04-29 8:26:07,gvanmaren_3dgis,2026-06-11 16:58:00,2026-06-11 16:59:00,11/06/2026 4:58:00 PM,11/06/2026 4:59:00 PM,4.323612213,4.323612213,-13704522.23,6321854.385
9,gh-78,Carrall St,,Command Post,,,,,,Kurt Curtis,088569548,,,,,,,,FIFA World Cup 2026™ - overflow even... 2026-6-11,gh-78 FIFA World Cup 2026™ - overflow even... 2026-6-11,,{37CEAF8B-C82C-4852-9F1A-1287A04F72FF},2026-04-29 8:27:03,gvanmaren_3dgis,2026-04-29 8:30:17,gvanmaren_3dgis,2026-06-11 16:58:00,2026-06-11 16:59:00,11/06/2026 4:58:00 PM,11/06/2026 4:59:00 PM,4.829718113,4.829718113,-13704149.54,6321987.082
10,gvm-10,,,Traffic Control,,,,,Cpl.,Gert Van Maren,0765555510,gvanmaren@esri.com,,,,Paraglider pilot,,,FIFA World Cup 2026™ - overflow even... 2026-6-11,gvm-10 FIFA World Cup 2026™ - overflow even... 2026-6-11,,{6948F59E-1370-4E5D-84CB-4F7848B45D64},2026-04-29 8:19:00,gvanmaren_3dgis,2026-04-29 8:19:00,gvanmaren_3dgis,2026-06-11 16:59:00,2026-06-11 17:00:00,11/06/2026 4:59:00 PM,11/06/2026 5:00:00 PM,4.595128059,4.508930683,-13704420.9,6321922.018
11,ns-10,,,Traffic Control,,,,,Cpl.,Dude,079333222,,,,,Motor rider,,,FIFA World Cup 2026™ - overflow even... 2026-6-11,ns-10 FIFA World Cup 2026™ - overflow even... 2026-6-11,Off post,{82C02C71-514F-4089-8F56-888A54521B00},2026-04-29 8:20:03,gvanmaren_3dgis,2026-04-29 8:21:29,gvanmaren_3dgis,2026-06-11 16:59:00,2026-06-11 17:00:00,11/06/2026 4:59:00 PM,11/06/2026 5:00:00 PM,4.461204052,4.461204052,-13704463.9,6321910.742
12,ww-12,,,Foot Patrol,,,,,Sgt.,,0269998888,,,,,,,,FIFA World Cup 2026™ - overflow even... 2026-6-11,ww-12 FIFA World Cup 2026™ - overflow even... 2026-6-11,,{7AA3200D-AA23-4C2D-9CD0-5CA6F4FC9DDC},2026-04-29 8:22:20,gvanmaren_3dgis,2026-04-29 8:22:20,gvanmaren_3dgis,2026-06-11 16:59:00,2026-06-11 17:00:00,11/06/2026 4:59:00 PM,11/06/2026 5:00:00 PM,4.684360504,4.769339085,-13704334.26,6321850.82
13,okm-98,,,Foot Patrol,,,,,Lt.,,,,,,,,,,FIFA World Cup 2026™ - overflow even... 2026-6-11,okm-98 FIFA World Cup 2026™ - overflow even... 2026-6-11,,{AAA65F4E-2888-4632-8C86-F8A4BF9FACE9},2026-04-29 8:23:20,gvanmaren_3dgis,2026-04-29 8:23:20,gvanmaren_3dgis,2026-06-11 16:59:00,2026-06-11 17:00:00,11/06/2026 4:59:00 PM,11/06/2026 5:00:00 PM,4.928792953,4.928793111,-13704356.27,6321861.055
14,evm-99,,,Foot Patrol,,,,,Off.,Sascha Gabor,022563214,,,,,,,,FIFA World Cup 2026™ - overflow even... 2026-6-11,evm-99 FIFA World Cup 2026™ - overflow even... 2026-6-11,,{20CC490D-F612-48BF-85FE-2B2B277596F6},2026-04-29 8:24:12,gvanmaren_3dgis,2026-04-29 8:29:46,gvanmaren_3dgis,2026-06-11 16:59:00,2026-06-11 17:00:00,11/06/2026 4:59:00 PM,11/06/2026 5:00:00 PM,4.191029072,4.191029178,-13704278.77,6321903.316
15,rr-56,,,Foot Patrol,,,,,Cpl.,,,,,,,,,,FIFA World Cup 2026™ - overflow even... 2026-6-11,rr-56 FIFA World Cup 2026™ - overflow even... 2026-6-11,,{93844798-B506-4E4B-821C-76BC3DA3548C},2026-04-29 8:24:44,gvanmaren_3dgis,2026-04-29 8:24:44,gvanmaren_3dgis,2026-06-11 16:59:00,2026-06-11 17:00:00,11/06/2026 4:59:00 PM,11/06/2026 5:00:00 PM,4.004535198,4.192516361,-13704241.88,6321867.09
16,emt-34,,,Paramedic,Medics,,,,Off.,Henry Collins,045666333,,,,,,,,FIFA World Cup 2026™ - overflow even... 2026-6-11,emt-34 FIFA World Cup 2026™ - overflow even... 2026-6-11,,{04A16B6E-4772-4127-9F07-D4540BC1C392},2026-04-29 8:25:35,gvanmaren_3dgis,2026-04-29 8:28:15,gvanmaren_3dgis,2026-06-11 16:59:00,2026-06-11 17:00:00,11/06/2026 4:59:00 PM,11/06/2026 5:00:00 PM,4.323612213,4.323612213,-13704522.48,6321856.06
17,was-78,,,Paramedic,,,,,Maj.,,,,,,,,,,FIFA World Cup 2026™ - overflow even... 2026-6-11,was-78 FIFA World Cup 2026™ - overflow even... 2026-6-11,,{7A97F495-A045-452B-94AD-38B572482073},2026-04-29 8:26:07,gvanmaren_3dgis,2026-04-29 8:26:07,gvanmaren_3dgis,2026-06-11 16:59:00,2026-06-11 17:00:00,11/06/2026 4:59:00 PM,11/06/2026 5:00:00 PM,4.323612213,4.323612213,-13704522.23,6321854.385
18,gh-78,Carrall St,,Command Post,,,,,,Kurt Curtis,088569548,,,,,,,,FIFA World Cup 2026™ - overflow even... 2026-6-11,gh-78 FIFA World Cup 2026™ - overflow even... 2026-6-11,,{C265FD9F-1CCD-4A64-9824-77E2019FFD0A},2026-04-29 8:27:03,gvanmaren_3dgis,2026-04-29 8:30:17,gvanmaren_3dgis,2026-06-11 16:59:00,2026-06-11 17:00:00,11/06/2026 4:59:00 PM,11/06/2026 5:00:00 PM,4.829718113,4.829718113,-13704149.54,6321987.082
19,gvm-10,,,Traffic Control,,,,,Cpl.,Gert Van Maren,0765555510,gvanmaren@esri.com,,,,Paraglider pilot,,,FIFA World Cup 2026™ - overflow even... 2026-6-11,gvm-10 FIFA World Cup 2026™ - overflow even... 2026-6-11,,{1637FAF9-7058-42AB-AC71-52B0F55DE3B1},2026-04-29 8:19:00,gvanmaren_3dgis,2026-04-29 8:19:00,gvanmaren_3dgis,2026-06-11 17:02:00,2026-06-11 17:03:00,11/06/2026 5:02:00 PM,11/06/2026 5:03:00 PM,4.595128059,4.943184853,-13704295.79,6321879.649
20,ns-10,,,Traffic Control,,,,,Cpl.,Dude,079333222,,,,,Motor rider,,,FIFA World Cup 2026™ - overflow even... 2026-6-11,ns-10 FIFA World Cup 2026™ - overflow even... 2026-6-11,Off post,{C40E877F-059C-4653-92E4-2CBC54372ABC},2026-04-29 8:20:03,gvanmaren_3dgis,2026-04-29 8:21:29,gvanmaren_3dgis,2026-06-11 17:02:00,2026-06-11 17:03:00,11/06/2026 5:02:00 PM,11/06/2026 5:03:00 PM,4.461204052,4.461204052,-13704463.9,6321910.742
21,ww-12,,,Foot Patrol,,,,,Sgt.,,0269998888,,,,,,,,FIFA World Cup 2026™ - overflow even... 2026-6-11,ww-12 FIFA World Cup 2026™ - overflow even... 2026-6-11,,{7E22DD77-C31F-405B-B2B4-8A290CFE080E},2026-04-29 8:22:20,gvanmaren_3dgis,2026-04-29 8:22:20,gvanmaren_3dgis,2026-06-11 17:02:00,2026-06-11 17:03:00,11/06/2026 5:02:00 PM,11/06/2026 5:03:00 PM,4.684360504,4.289513099,-13704235.9,6321843.66
22,okm-98,,,Foot Patrol,,,,,Lt.,,,,,,,,,,FIFA World Cup 2026™ - overflow even... 2026-6-11,okm-98 FIFA World Cup 2026™ - overflow even... 2026-6-11,,{312D0D55-3BF4-4B48-A2D6-22D1A909264A},2026-04-29 8:23:20,gvanmaren_3dgis,2026-04-29 8:23:20,gvanmaren_3dgis,2026-06-11 17:02:00,2026-06-11 17:03:00,11/06/2026 5:02:00 PM,11/06/2026 5:03:00 PM,4.928792953,4.928793111,-13704356.27,6321861.055
23,evm-99,,,Foot Patrol,,,,,Off.,Sascha Gabor,022563214,,,,,,,,FIFA World Cup 2026™ - overflow even... 2026-6-11,evm-99 FIFA World Cup 2026™ - overflow even... 2026-6-11,,{55D86319-77C2-47A3-AA8D-29E088C3A9BA},2026-04-29 8:24:12,gvanmaren_3dgis,2026-04-29 8:29:46,gvanmaren_3dgis,2026-06-11 17:02:00,2026-06-11 17:03:00,11/06/2026 5:02:00 PM,11/06/2026 5:03:00 PM,4.191029072,4.191029178,-13704278.77,6321903.316
24,rr-56,,,Foot Patrol,,,,,Cpl.,,,,,,,,,,FIFA World Cup 2026™ - overflow even... 2026-6-11,rr-56 FIFA World Cup 2026™ - overflow even... 2026-6-11,,{67F98B9E-8621-43D3-9692-C091C9B31E80},2026-04-29 8:24:44,gvanmaren_3dgis,2026-04-29 8:24:44,gvanmaren_3dgis,2026-06-11 17:02:00,2026-06-11 17:03:00,11/06/2026 5:02:00 PM,11/06/2026 5:03:00 PM,4.004535198,4.063602448,-13704199.99,6321842.45
25,emt-34,,,Paramedic,Medics,,,,Off.,Henry Collins,045666333,,,,,,,,FIFA World Cup 2026™ - overflow even... 2026-6-11,emt-34 FIFA World Cup 2026™ - overflow even... 2026-6-11,,{2C398E9D-BD95-4F46-B1D0-9D13E3B8A6DC},2026-04-29 8:25:35,gvanmaren_3dgis,2026-04-29 8:28:15,gvanmaren_3dgis,2026-06-11 17:02:00,2026-06-11 17:03:00,11/06/2026 5:02:00 PM,11/06/2026 5:03:00 PM,4.323612213,4.323612213,-13704522.48,6321856.06
26,was-78,,,Paramedic,,,,,Maj.,,,,,,,,,,FIFA World Cup 2026™ - overflow even... 2026-6-11,was-78 FIFA World Cup 2026™ - overflow even... 2026-6-11,,{627E4C7D-CF6B-4151-8F47-230E578C6D2F},2026-04-29 8:26:07,gvanmaren_3dgis,2026-04-29 8:26:07,gvanmaren_3dgis,2026-06-11 17:02:00,2026-06-11 17:03:00,11/06/2026 5:02:00 PM,11/06/2026 5:03:00 PM,4.323612213,4.452484808,-13704443.79,6321913.437
27,gh-78,Carrall St,,Command Post,,,,,,Kurt Curtis,088569548,,,,,,,,FIFA World Cup 2026™ - overflow even... 2026-6-11,gh-78 FIFA World Cup 2026™ - overflow even... 2026-6-11,,{556A0C4A-A12A-40B6-8EEA-C39029DE4350},2026-04-29 8:27:03,gvanmaren_3dgis,2026-04-29 8:30:17,gvanmaren_3dgis,2026-06-11 17:02:00,2026-06-11 17:03:00,11/06/2026 5:02:00 PM,11/06/2026 5:03:00 PM,4.829718113,4.829718113,-13704149.54,6321987.082
28,gvm-10,,,Traffic Control,,,,,Cpl.,Gert Van Maren,0765555510,gvanmaren@esri.com,,,,Paraglider pilot,,,FIFA World Cup 2026™ - overflow even... 2026-6-11,gvm-10 FIFA World Cup 2026™ - overflow even... 2026-6-11,,{CD2C2F65-113B-486F-95B1-1168F5AB4699},2026-04-29 8:19:00,gvanmaren_3dgis,2026-04-29 8:19:00,6321856.0237,2026-06-11 17:03:00,2026-06-11 17:04:00,11/06/2026 5:03:00 PM,11/06/2026 5:04:00 PM,4.595128059,4.595128056,-13704250.9,6321856.024
29,ns-10,,,Traffic Control,,,,,Cpl.,Dude,079333222,,,,,Motor rider,,,FIFA World Cup 2026™ - overflow even... 2026-6-11,ns-10 FIFA World Cup 2026™ - overflow even... 2026-6-11,Off post,{2AED7430-9CE1-4FB6-93AE-5D02CFFBD31F},2026-04-29 8:20:03,gvanmaren_3dgis,2026-04-29 8:21:29,6321920.6248,2026-06-11 17:03:00,2026-06-11 17:04:00,11/06/2026 5:03:00 PM,11/06/2026 5:04:00 PM,4.461204052,4.461204052,-13704415.06,6321920.625
30,ww-12,,,Foot Patrol,,,,,Sgt.,,0269998888,,,,,,,,FIFA World Cup 2026™ - overflow even... 2026-6-11,ww-12 FIFA World Cup 2026™ - overflow even... 2026-6-11,,{8C7AF3AE-F78F-49A1-811A-AFC6E31C4D11},2026-04-29 8:22:20,gvanmaren_3dgis,2026-04-29 8:22:20,6321843.6598,2026-06-11 17:03:00,2026-06-11 17:04:00,11/06/2026 5:03:00 PM,11/06/2026 5:04:00 PM,4.684360504,4.684360581,-13704218.76,6321843.66
31,okm-98,,,Foot Patrol,,,,,Lt.,,,,,,,,,,FIFA World Cup 2026™ - overflow even... 2026-6-11,okm-98 FIFA World Cup 2026™ - overflow even... 2026-6-11,,{59CA7A77-CEDE-4911-AB5A-E7EF12E394FD},2026-04-29 8:23:20,gvanmaren_3dgis,2026-04-29 8:23:20,6321865.8948,2026-06-11 17:03:00,2026-06-11 17:04:00,11/06/2026 5:03:00 PM,11/06/2026 5:04:00 PM,4.928792953,4.928793111,-13704342.04,6321865.895
32,evm-99,,,Foot Patrol,,,,,Off.,Sascha Gabor,022563214,,,,,,,,FIFA World Cup 2026™ - overflow even... 2026-6-11,evm-99 FIFA World Cup 2026™ - overflow even... 2026-6-11,,{8E9B9B74-675C-4E0A-9499-A3245CB344AC},2026-04-29 8:24:12,gvanmaren_3dgis,2026-04-29 8:29:46,6321875.5166,2026-06-11 17:03:00,2026-06-11 17:04:00,11/06/2026 5:03:00 PM,11/06/2026 5:04:00 PM,4.191029072,4.191029178,-13704265.96,6321875.517
33,rr-56,,,Foot Patrol,,,,,Cpl.,,,,,,,,,,FIFA World Cup 2026™ - overflow even... 2026-6-11,rr-56 FIFA World Cup 2026™ - overflow even... 2026-6-11,,{F2ECF56B-91D7-474C-B114-86CDD71B6B7D},2026-04-29 8:24:44,gvanmaren_3dgis,2026-04-29 8:24:44,6321842.4504,2026-06-11 17:03:00,2026-06-11 17:04:00,11/06/2026 5:03:00 PM,11/06/2026 5:04:00 PM,4.004535198,4.004535064,-13704199.99,6321842.45
34,emt-34,,,Paramedic,Medics,,,,Off.,Henry Collins,045666333,,,,,,,,FIFA World Cup 2026™ - overflow even... 2026-6-11,emt-34 FIFA World Cup 2026™ - overflow even... 2026-6-11,,{73970AF2-DA23-4693-834B-1A9D215E573E},2026-04-29 8:25:35,gvanmaren_3dgis,2026-04-29 8:28:15,6321856.0598,2026-06-11 17:03:00,2026-06-11 17:04:00,11/06/2026 5:03:00 PM,11/06/2026 5:04:00 PM,4.323612213,4.323612213,-13704522.48,6321856.06
35,was-78,,,Paramedic,,,,,Maj.,,,,,,,,,,FIFA World Cup 2026™ - overflow even... 2026-6-11,was-78 FIFA World Cup 2026™ - overflow even... 2026-6-11,,{11FB04A9-E23F-43FF-A6BA-532A267033AD},2026-04-29 8:26:07,gvanmaren_3dgis,2026-04-29 8:26:07,6321930.4065,2026-06-11 17:03:00,2026-06-11 17:04:00,11/06/2026 5:03:00 PM,11/06/2026 5:04:00 PM,4.323612213,4.323612213,-13704340.61,6321930.407
36,gh-78,Carrall St,,Command Post,,,,,,Kurt Curtis,088569548,,,,,,,,FIFA World Cup 2026™ - overflow even... 2026-6-11,gh-78 FIFA World Cup 2026™ - overflow even... 2026-6-11,,{A7A7F313-3D74-49D4-A48A-3198FD264EBF},2026-04-29 8:27:03,gvanmaren_3dgis,2026-04-29 8:30:17,6321987.0818,2026-06-11 17:03:00,2026-06-11 17:04:00,11/06/2026 5:03:00 PM,11/06/2026 5:04:00 PM,4.829718113,4.829718113,-13704149.54,6321987.082
37,gvm-10,,,Traffic Control,,,,,Cpl.,Gert Van Maren,0765555510,gvanmaren@esri.com,,,,Paraglider pilot,,,FIFA World Cup 2026™ - overflow even... 2026-6-11,gvm-10 FIFA World Cup 2026™ - overflow even... 2026-6-11,,{13C66CF9-9157-4EB5-B196-7A31687B93D9},2026-04-29 8:19:00,gvanmaren_3dgis,2026-04-29 8:19:00,gvanmaren_3dgis,2026-06-11 17:04:00,2026-06-11 17:05:00,11/06/2026 5:04:00 PM,11/06/2026 5:05:00 PM,4.069633484,4.069633484,-13704198.55,6321850.257
38,ns-10,,,Traffic Control,,,,,Cpl.,Dude,079333222,,,,,Motor rider,,,FIFA World Cup 2026™ - overflow even... 2026-6-11,ns-10 FIFA World Cup 2026™ - overflow even... 2026-6-11,Off post,{1F3261B8-4732-4968-929C-3FF6C36326DB},2026-04-29 8:20:03,gvanmaren_3dgis,2026-04-29 8:21:29,gvanmaren_3dgis,2026-06-11 17:04:00,2026-06-11 17:05:00,11/06/2026 5:04:00 PM,11/06/2026 5:05:00 PM,4.461204052,4.461204052,-13704463.9,6321910.742
39,ww-12,,,Foot Patrol,,,,,Sgt.,,0269998888,,,,,,,,FIFA World Cup 2026™ - overflow even... 2026-6-11,ww-12 FIFA World Cup 2026™ - overflow even... 2026-6-11,,{BF7A2AE3-9179-4B47-8881-A897B9C030AC},2026-04-29 8:22:20,gvanmaren_3dgis,2026-04-29 8:22:20,gvanmaren_3dgis,2026-06-11 17:04:00,2026-06-11 17:05:00,11/06/2026 5:04:00 PM,11/06/2026 5:05:00 PM,4.135970116,4.135970116,-13704208.23,6321839.956
40,okm-98,,,Foot Patrol,,,,,Lt.,,,,,,,,,,FIFA World Cup 2026™ - overflow even... 2026-6-11,okm-98 FIFA World Cup 2026™ - overflow even... 2026-6-11,,{BCBFA142-B427-4FD1-98A5-FF044694132F},2026-04-29 8:23:20,gvanmaren_3dgis,2026-04-29 8:23:20,gvanmaren_3dgis,2026-06-11 17:04:00,2026-06-11 17:05:00,11/06/2026 5:04:00 PM,11/06/2026 5:05:00 PM,4.928792953,4.928793111,-13704284.82,6321845.815
41,evm-99,,,Foot Patrol,,,,,Off.,Sascha Gabor,022563214,,,,,,,,FIFA World Cup 2026™ - overflow even... 2026-6-11,evm-99 FIFA World Cup 2026™ - overflow even... 2026-6-11,,{82E2D3EE-B77D-4BD8-BB2B-5D001873217D},2026-04-29 8:24:12,gvanmaren_3dgis,2026-04-29 8:29:46,gvanmaren_3dgis,2026-06-11 17:04:00,2026-06-11 17:05:00,11/06/2026 5:04:00 PM,11/06/2026 5:05:00 PM,4.191029072,4.191029178,-13704278.77,6321903.316
42,rr-56,,,Foot Patrol,,,,,Cpl.,,,,,,,,,,FIFA World Cup 2026™ - overflow even... 2026-6-11,rr-56 FIFA World Cup 2026™ - overflow even... 2026-6-11,,{F5B11C38-18D0-46F4-BAA7-6A9982EA837D},2026-04-29 8:24:44,gvanmaren_3dgis,2026-04-29 8:24:44,gvanmaren_3dgis,2026-06-11 17:04:00,2026-06-11 17:05:00,11/06/2026 5:04:00 PM,11/06/2026 5:05:00 PM,4.063602448,4.063602448,-13704199.99,6321842.45
43,emt-34,,,Paramedic,Medics,,,,Off.,Henry Collins,045666333,,,,,,,,FIFA World Cup 2026™ - overflow even... 2026-6-11,emt-34 FIFA World Cup 2026™ - overflow even... 2026-6-11,,{44D52AA2-DD5D-4A07-9C87-E8A52B8D6CE5},2026-04-29 8:25:35,gvanmaren_3dgis,2026-04-29 8:28:15,gvanmaren_3dgis,2026-06-11 17:04:00,2026-06-11 17:05:00,11/06/2026 5:04:00 PM,11/06/2026 5:05:00 PM,4.323612213,4.323612213,-13704522.48,6321856.06
44,was-78,,,Paramedic,,,,,Maj.,,,,,,,,,,FIFA World Cup 2026™ - overflow even... 2026-6-11,was-78 FIFA World Cup 2026™ - overflow even... 2026-6-11,,{CDA237C6-5EF4-4DC8-A812-8F5DEE4F8C98},2026-04-29 8:26:07,gvanmaren_3dgis,2026-04-29 8:26:07,gvanmaren_3dgis,2026-06-11 17:04:00,2026-06-11 17:05:00,11/06/2026 5:04:00 PM,11/06/2026 5:05:00 PM,4.554600239,4.554600239,-13704284.28,6321865.449
45,gh-78,Carrall St,,Command Post,,,,,,Kurt Curtis,088569548,,,,,,,,FIFA World Cup 2026™ - overflow even... 2026-6-11,gh-78 FIFA World Cup 2026™ - overflow even... 2026-6-11,,{556252F2-93B9-41B2-B818-0CB22BF12629},2026-04-29 8:27:03,gvanmaren_3dgis,2026-04-29 8:30:17,gvanmaren_3dgis,2026-06-11 17:04:00,2026-06-11 17:05:00,11/06/2026 5:04:00 PM,11/06/2026 5:05:00 PM,4.829718113,4.829718113,-13704149.54,6321987.082
46,gvm-10,,,Traffic Control,,,,,Cpl.,Gert Van Maren,0765555510,gvanmaren@esri.com,,,,Paraglider pilot,,,FIFA World Cup 2026™ - overflow even... 2026-6-11,gvm-10 FIFA World Cup 2026™ - overflow even... 2026-6-11,,{2D6F5350-7265-4F34-BF2D-9263C0D1482B},2026-04-29 8:19:00,gvanmaren_3dgis,2026-04-29 8:19:00,gvanmaren_3dgis,2026-06-11 17:05:00,2026-06-11 17:06:00,11/06/2026 5:05:00 PM,11/06/2026 5:06:00 PM,4.069633484,4.069633484,-13704196.7,6321850.053
47,ns-10,,,Traffic Control,,,,,Cpl.,Dude,079333222,,,,,Motor rider,,,FIFA World Cup 2026™ - overflow even... 2026-6-11,ns-10 FIFA World Cup 2026™ - overflow even... 2026-6-11,Off post,{43062212-7422-46E5-8C3D-CF0214C72FEC},2026-04-29 8:20:03,gvanmaren_3dgis,2026-04-29 8:21:29,gvanmaren_3dgis,2026-06-11 17:05:00,2026-06-11 17:06:00,11/06/2026 5:05:00 PM,11/06/2026 5:06:00 PM,4.461204052,4.461204052,-13704463.9,6321910.742
48,ww-12,,,Foot Patrol,,,,,Sgt.,,0269998888,,,,,,,,FIFA World Cup 2026™ - overflow even... 2026-6-11,ww-12 FIFA World Cup 2026™ - overflow even... 2026-6-11,,{2A76FB71-108E-4735-9893-3FD327BD4A1D},2026-04-29 8:22:20,gvanmaren_3dgis,2026-04-29 8:22:20,gvanmaren_3dgis,2026-06-11 17:05:00,2026-06-11 17:06:00,11/06/2026 5:05:00 PM,11/06/2026 5:06:00 PM,4.135970116,4.135970116,-13704206.65,6321838.95
49,okm-98,,,Foot Patrol,,,,,Lt.,,,,,,,,,,FIFA World Cup 2026™ - overflow even... 2026-6-11,okm-98 FIFA World Cup 2026™ - overflow even... 2026-6-11,,{250288B2-5DF1-46F1-8E0C-3C043E7C2535},2026-04-29 8:23:20,gvanmaren_3dgis,2026-04-29 8:23:20,gvanmaren_3dgis,2026-06-11 17:05:00,2026-06-11 17:06:00,11/06/2026 5:05:00 PM,11/06/2026 5:06:00 PM,4.928792953,4.928793111,-13704229,6321840.353
50,evm-99,,,Foot Patrol,,,,,Off.,Sascha Gabor,022563214,,,,,,,,FIFA World Cup 2026™ - overflow even... 2026-6-11,evm-99 FIFA World Cup 2026™ - overflow even... 2026-6-11,,{0319C35C-3E48-4E79-AE6B-35591C0497FD},2026-04-29 8:24:12,gvanmaren_3dgis,2026-04-29 8:29:46,gvanmaren_3dgis,2026-06-11 17:05:00,2026-06-11 17:06:00,11/06/2026 5:05:00 PM,11/06/2026 5:06:00 PM,4.191029072,4.191029178,-13704278.77,6321903.316
51,rr-56,,,Foot Patrol,,,,,Cpl.,,,,,,,,,,FIFA World Cup 2026™ - overflow even... 2026-6-11,rr-56 FIFA World Cup 2026™ - overflow even... 2026-6-11,,{8EA3FD7A-FAE2-4C60-979C-0D04A0514E94},2026-04-29 8:24:44,gvanmaren_3dgis,2026-04-29 8:24:44,gvanmaren_3dgis,2026-06-11 17:05:00,2026-06-11 17:06:00,11/06/2026 5:05:00 PM,11/06/2026 5:06:00 PM,4.063602448,4.063602448,-13704199.99,6321842.45
52,emt-34,,,Paramedic,Medics,,,,Off.,Henry Collins,045666333,,,,,,,,FIFA World Cup 2026™ - overflow even... 2026-6-11,emt-34 FIFA World Cup 2026™ - overflow even... 2026-6-11,,{6A1CC9C1-7C7D-4DF4-B225-4718D18B64EC},2026-04-29 8:25:35,gvanmaren_3dgis,2026-04-29 8:28:15,gvanmaren_3dgis,2026-06-11 17:05:00,2026-06-11 17:06:00,11/06/2026 5:05:00 PM,11/06/2026 5:06:00 PM,4.323612213,4.323612213,-13704522.48,6321856.06
53,was-78,,,Paramedic,,,,,Maj.,,,,,,,,,,FIFA World Cup 2026™ - overflow even... 2026-6-11,was-78 FIFA World Cup 2026™ - overflow even... 2026-6-11,,{58F7759E-221B-41F3-8600-C5256664A57E},2026-04-29 8:26:07,gvanmaren_3dgis,2026-04-29 8:26:07,gvanmaren_3dgis,2026-06-11 17:05:00,2026-06-11 17:06:00,11/06/2026 5:05:00 PM,11/06/2026 5:06:00 PM,4.554600239,4.554600239,-13704202.53,6321846.744
54,gvm-10,,,Traffic Control,,,,,Cpl.,Gert Van Maren,0765555510,gvanmaren@esri.com,,,,Paraglider pilot,,,FIFA World Cup 2026™ - overflow even... 2026-6-11,gvm-10 FIFA World Cup 2026™ - overflow even... 2026-6-11,,{AD5F68BA-00EC-45CF-A1C0-66E7CA427CFA},2026-04-29 8:19:00,gvanmaren_3dgis,2026-04-29 8:19:00,gvanmaren_3dgis,2026-06-11 17:06:00,2026-06-11 17:07:00,11/06/2026 5:06:00 PM,11/06/2026 5:07:00 PM,4.069633484,4.069633484,-13704199.37,6321851.894
55,ns-10,,,Traffic Control,,,,,Cpl.,Dude,079333222,,,,,Motor rider,,,FIFA World Cup 2026™ - overflow even... 2026-6-11,ns-10 FIFA World Cup 2026™ - overflow even... 2026-6-11,Off post,{391586B1-4580-495E-894B-3FBC4EC587A1},2026-04-29 8:20:03,gvanmaren_3dgis,2026-04-29 8:21:29,gvanmaren_3dgis,2026-06-11 17:06:00,2026-06-11 17:07:00,11/06/2026 5:06:00 PM,11/06/2026 5:07:00 PM,4.461204052,4.461204052,-13704463.9,6321910.742
56,ww-12,,,Foot Patrol,,,,,Sgt.,,0269998888,,,,,,,,FIFA World Cup 2026™ - overflow even... 2026-6-11,ww-12 FIFA World Cup 2026™ - overflow even... 2026-6-11,,{F4E29638-D5B1-4EDD-975F-C22A5C8306DC},2026-04-29 8:22:20,gvanmaren_3dgis,2026-04-29 8:22:20,gvanmaren_3dgis,2026-06-11 17:06:00,2026-06-11 17:07:00,11/06/2026 5:06:00 PM,11/06/2026 5:07:00 PM,4.135970116,4.135970116,-13704206.92,6321839.881
57,okm-98,,,Foot Patrol,,,,,Lt.,,,,,,,,,,FIFA World Cup 2026™ - overflow even... 2026-6-11,okm-98 FIFA World Cup 2026™ - overflow even... 2026-6-11,,{035892A5-60ED-4A46-95F6-FDB8DFC81692},2026-04-29 8:23:20,gvanmaren_3dgis,2026-04-29 8:23:20,gvanmaren_3dgis,2026-06-11 17:06:00,2026-06-11 17:07:00,11/06/2026 5:06:00 PM,11/06/2026 5:07:00 PM,4.928792953,4.928793111,-13704207.36,6321847.309
58,evm-99,,,Foot Patrol,,,,,Off.,Sascha Gabor,022563214,,,,,,,,FIFA World Cup 2026™ - overflow even... 2026-6-11,evm-99 FIFA World Cup 2026™ - overflow even... 2026-6-11,,{FD3362F5-0036-441C-849A-97B2DC40FB9F},2026-04-29 8:24:12,gvanmaren_3dgis,2026-04-29 8:29:46,gvanmaren_3dgis,2026-06-11 17:06:00,2026-06-11 17:07:00,11/06/2026 5:06:00 PM,11/06/2026 5:07:00 PM,4.191029072,4.191029178,-13704278.77,6321903.316
59,rr-56,,,Foot Patrol,,,,,Cpl.,,,,,,,,,,FIFA World Cup 2026™ - overflow even... 2026-6-11,rr-56 FIFA World Cup 2026™ - overflow even... 2026-6-11,,{1D96D6F6-5F7B-4C8F-B77D-2BBDC6839EF8},2026-04-29 8:24:44,gvanmaren_3dgis,2026-04-29 8:24:44,gvanmaren_3dgis,2026-06-11 17:06:00,2026-06-11 17:07:00,11/06/2026 5:06:00 PM,11/06/2026 5:07:00 PM,4.063602448,4.063602448,-13704199.99,6321842.45
60,emt-34,,,Paramedic,Medics,,,,Off.,Henry Collins,045666333,,,,,,,,FIFA World Cup 2026™ - overflow even... 2026-6-11,emt-34 FIFA World Cup 2026™ - overflow even... 2026-6-11,,{0D1DC67A-A4FC-4E63-B4FF-B2472BA68B0E},2026-04-29 8:25:35,gvanmaren_3dgis,2026-04-29 8:28:15,gvanmaren_3dgis,2026-06-11 17:06:00,2026-06-11 17:07:00,11/06/2026 5:06:00 PM,11/06/2026 5:07:00 PM,4.323612213,4.323612213,-13704522.48,6321856.06
61,was-78,,,Paramedic,,,,,Maj.,,,,,,,,,,FIFA World Cup 2026™ - overflow even... 2026-6-11,was-78 FIFA World Cup 2026™ - overflow even... 2026-6-11,,{16B4E1C5-83A7-492F-AE8E-FA37EA3AD86D},2026-04-29 8:26:07,gvanmaren_3dgis,2026-04-29 8:26:07,gvanmaren_3dgis,2026-06-11 17:06:00,2026-06-11 17:07:00,11/06/2026 5:06:00 PM,11/06/2026 5:07:00 PM,4.554600239,4.554600239,-13704202.09,6321846.63
62,gh-78,Carrall St,,Command Post,,,,,,Kurt Curtis,088569548,,,,,,,,FIFA World Cup 2026™ - overflow even... 2026-6-11,gh-78 FIFA World Cup 2026™ - overflow even... 2026-6-11,,{E2846A69-0C1B-46B1-B24B-0EB7B6397789},2026-04-29 8:27:03,gvanmaren_3dgis,2026-04-29 8:30:17,gvanmaren_3dgis,2026-06-11 17:06:00,2026-06-11 17:07:00,11/06/2026 5:06:00 PM,11/06/2026 5:07:00 PM,4.829718113,4.829718113,-13704149.54,6321987.082
63,gvm-10,,,Traffic Control,,,,,Cpl.,Gert Van Maren,0765555510,gvanmaren@esri.com,,,,Paraglider pilot,,,FIFA World Cup 2026™ - overflow even... 2026-6-11,gvm-10 FIFA World Cup 2026™ - overflow even... 2026-6-11,,{F8ACF3D2-6AB1-4E25-95D0-8B914298BDC0},2026-04-29 8:19:00,gvanmaren_3dgis,2026-04-29 8:19:00,gvanmaren_3dgis,2026-06-11 17:07:00,2026-06-11 17:08:00,11/06/2026 5:07:00 PM,11/06/2026 5:08:00 PM,4.069633484,4.069633484,-13704274.13,6321869.421
64,ns-10,,,Traffic Control,,,,,Cpl.,Dude,079333222,,,,,Motor rider,,,FIFA World Cup 2026™ - overflow even... 2026-6-11,ns-10 FIFA World Cup 2026™ - overflow even... 2026-6-11,Off post,{564AF633-80D7-4781-AEE5-6C132FA8A9FA},2026-04-29 8:20:03,gvanmaren_3dgis,2026-04-29 8:21:29,gvanmaren_3dgis,2026-06-11 17:07:00,2026-06-11 17:08:00,11/06/2026 5:07:00 PM,11/06/2026 5:08:00 PM,4.461204052,4.461204052,-13704463.9,6321910.742
65,ww-12,,,Foot Patrol,,,,,Sgt.,,0269998888,,,,,,,,FIFA World Cup 2026™ - overflow even... 2026-6-11,ww-12 FIFA World Cup 2026™ - overflow even... 2026-6-11,,{1F8D76B0-10C0-4224-BF78-D8A09818BC02},2026-04-29 8:22:20,gvanmaren_3dgis,2026-04-29 8:22:20,gvanmaren_3dgis,2026-06-11 17:07:00,2026-06-11 17:08:00,11/06/2026 5:07:00 PM,11/06/2026 5:08:00 PM,4.135970116,4.135970116,-13704267.79,6321856.755
66,okm-98,,,Foot Patrol,,,,,Lt.,,,,,,,,,,FIFA World Cup 2026™ - overflow even... 2026-6-11,okm-98 FIFA World Cup 2026™ - overflow even... 2026-6-11,,{26C862C0-4A29-4FDD-9D5C-295EECAEE487},2026-04-29 8:23:20,gvanmaren_3dgis,2026-04-29 8:23:20,gvanmaren_3dgis,2026-06-11 17:07:00,2026-06-11 17:08:00,11/06/2026 5:07:00 PM,11/06/2026 5:08:00 PM,4.928792953,4.928793111,-13704220.23,6321844.091
67,evm-99,,,Foot Patrol,,,,,Off.,Sascha Gabor,022563214,,,,,,,,FIFA World Cup 2026™ - overflow even... 2026-6-11,evm-99 FIFA World Cup 2026™ - overflow even... 2026-6-11,,{6051524B-9D74-4CE0-BA4A-090B15FE4D60},2026-04-29 8:24:12,gvanmaren_3dgis,2026-04-29 8:29:46,gvanmaren_3dgis,2026-06-11 17:07:00,2026-06-11 17:08:00,11/06/2026 5:07:00 PM,11/06/2026 5:08:00 PM,4.191029072,4.191029178,-13704278.77,6321903.316
68,rr-56,,,Foot Patrol,,,,,Cpl.,,,,,,,,,,FIFA World Cup 2026™ - overflow even... 2026-6-11,rr-56 FIFA World Cup 2026™ - overflow even... 2026-6-11,,{B562A06F-CCED-4018-8FC1-719813F16664},2026-04-29 8:24:44,gvanmaren_3dgis,2026-04-29 8:24:44,gvanmaren_3dgis,2026-06-11 17:07:00,2026-06-11 17:08:00,11/06/2026 5:07:00 PM,11/06/2026 5:08:00 PM,4.063602448,4.063602448,-13704201.25,6321842.45
69,emt-34,,,Paramedic,Medics,,,,Off.,Henry Collins,045666333,,,,,,,,FIFA World Cup 2026™ - overflow even... 2026-6-11,emt-34 FIFA World Cup 2026™ - overflow even... 2026-6-11,,{DE393995-F662-458B-A219-DBE86DEF0619},2026-04-29 8:25:35,gvanmaren_3dgis,2026-04-29 8:28:15,gvanmaren_3dgis,2026-06-11 17:07:00,2026-06-11 17:08:00,11/06/2026 5:07:00 PM,11/06/2026 5:08:00 PM,4.323612213,4.323612213,-13704522.48,6321856.06
70,was-78,,,Paramedic,,,,,Maj.,,,,,,,,,,FIFA World Cup 2026™ - overflow even... 2026-6-11,was-78 FIFA World Cup 2026™ - overflow even... 2026-6-11,,{6033D250-6C3B-4ACC-B594-4F8E1AA64CA9},2026-04-29 8:26:07,gvanmaren_3dgis,2026-04-29 8:26:07,gvanmaren_3dgis,2026-06-11 17:07:00,2026-06-11 17:08:00,11/06/2026 5:07:00 PM,11/06/2026 5:08:00 PM,4.554600239,4.554600239,-13704264.3,6321863.606
71,gh-78,Carrall St,,Command Post,,,,,,Kurt Curtis,088569548,,,,,,,,FIFA World Cup 2026™ - overflow even... 2026-6-11,gh-78 FIFA World Cup 2026™ - overflow even... 2026-6-11,,{AFD32610-3265-4A5F-B936-D926373BCA6F},2026-04-29 8:27:03,gvanmaren_3dgis,2026-04-29 8:30:17,gvanmaren_3dgis,2026-06-11 17:07:00,2026-06-11 17:08:00,11/06/2026 5:07:00 PM,11/06/2026 5:08:00 PM,4.829718113,4.829718113,-13704149.54,6321987.082
72,gh-78,Carrall St,,Command Post,,,,,,Kurt Curtis,088569548,,,,,,,,FIFA World Cup 2026™ - overflow even... 2026-6-11,gh-78 FIFA World Cup 2026™ - overflow even... 2026-6-11,,{F3DD2D01-D033-4B38-BF15-F75E0D911AD8},2026-04-29 8:27:03,gvanmaren_3dgis,2026-04-29 8:30:17,gvanmaren_3dgis,2026-06-11 17:05:00,2026-06-11 17:06:00,11/06/2026 5:05:00 PM,11/06/2026 5:06:00 PM,4.829718113,4.829718113,-13704149.54,6321987.082
73,gvm-10,,,Traffic Control,,,,,Cpl.,Gert Van Maren,0765555510,gvanmaren@esri.com,,,,Paraglider pilot,,,FIFA World Cup 2026™ - overflow even... 2026-6-11,gvm-10 FIFA World Cup 2026™ - overflow even... 2026-6-11,,{63ED78D9-DF87-4290-9B2D-13732F1273A5},2026-04-29 8:19:00,gvanmaren_3dgis,2026-04-29 8:19:00,gvanmaren_3dgis,2026-06-11 17:08:00,2026-06-11 17:09:00,11/06/2026 5:08:00 PM,11/06/2026 5:09:00 PM,4.069633484,4.069633484,-13704325.91,6321911.318
74,ns-10,,,Traffic Control,,,,,Cpl.,Dude,079333222,,,,,Motor rider,,,FIFA World Cup 2026™ - overflow even... 2026-6-11,ns-10 FIFA World Cup 2026™ - overflow even... 2026-6-11,Off post,{43F28410-8425-4A4A-9319-79817D871252},2026-04-29 8:20:03,gvanmaren_3dgis,2026-04-29 8:21:29,gvanmaren_3dgis,2026-06-11 17:08:00,2026-06-11 17:09:00,11/06/2026 5:08:00 PM,11/06/2026 5:09:00 PM,4.461204052,4.461204052,-13704463.9,6321910.742
75,ww-12,,,Foot Patrol,,,,,Sgt.,,0269998888,,,,,,,,FIFA World Cup 2026™ - overflow even... 2026-6-11,ww-12 FIFA World Cup 2026™ - overflow even... 2026-6-11,,{7BD10180-6B9D-4992-89D5-E2AA0F04779B},2026-04-29 8:22:20,gvanmaren_3dgis,2026-04-29 8:22:20,gvanmaren_3dgis,2026-06-11 17:08:00,2026-06-11 17:09:00,11/06/2026 5:08:00 PM,11/06/2026 5:09:00 PM,4.135970116,4.135970116,-13704319.58,6321898.652
76,okm-98,,,Foot Patrol,,,,,Lt.,,,,,,,,,,FIFA World Cup 2026™ - overflow even... 2026-6-11,okm-98 FIFA World Cup 2026™ - overflow even... 2026-6-11,,{AB14A22E-0B4E-4092-AC23-AEBA7B4CD379},2026-04-29 8:23:20,gvanmaren_3dgis,2026-04-29 8:23:20,gvanmaren_3dgis,2026-06-11 17:08:00,2026-06-11 17:09:00,11/06/2026 5:08:00 PM,11/06/2026 5:09:00 PM,4.928792953,4.928793111,-13704271.65,6321848.428
77,evm-99,,,Foot Patrol,,,,,Off.,Sascha Gabor,022563214,,,,,,,,FIFA World Cup 2026™ - overflow even... 2026-6-11,evm-99 FIFA World Cup 2026™ - overflow even... 2026-6-11,,{93D898F7-8BB6-40FC-8C14-62A8E7215AA3},2026-04-29 8:24:12,gvanmaren_3dgis,2026-04-29 8:29:46,gvanmaren_3dgis,2026-06-11 17:08:00,2026-06-11 17:09:00,11/06/2026 5:08:00 PM,11/06/2026 5:09:00 PM,4.191029072,4.191029178,-13704278.77,6321903.316
78,rr-56,,,Foot Patrol,,,,,Cpl.,,,,,,,,,,FIFA World Cup 2026™ - overflow even... 2026-6-11,rr-56 FIFA World Cup 2026™ - overflow even... 2026-6-11,,{C7885534-6278-48EA-AE06-CF6BB78068B8},2026-04-29 8:24:44,gvanmaren_3dgis,2026-04-29 8:24:44,gvanmaren_3dgis,2026-06-11 17:08:00,2026-06-11 17:09:00,11/06/2026 5:08:00 PM,11/06/2026 5:09:00 PM,4.063602448,4.063602448,-13704201.25,6321842.45
79,emt-34,,,Paramedic,Medics,,,,Off.,Henry Collins,045666333,,,,,,,,FIFA World Cup 2026™ - overflow even... 2026-6-11,emt-34 FIFA World Cup 2026™ - overflow even... 2026-6-11,,{64D239F2-5554-4ABA-A249-F66437139D69},2026-04-29 8:25:35,gvanmaren_3dgis,2026-04-29 8:28:15,gvanmaren_3dgis,2026-06-11 17:08:00,2026-06-11 17:09:00,11/06/2026 5:08:00 PM,11/06/2026 5:09:00 PM,4.323612213,4.323612213,-13704522.48,6321856.06
80,was-78,,,Paramedic,,,,,Maj.,,,,,,,,,,FIFA World Cup 2026™ - overflow even... 2026-6-11,was-78 FIFA World Cup 2026™ - overflow even... 2026-6-11,,{328C54FB-3F3A-4F80-8E17-23BE076B1A43},2026-04-29 8:26:07,gvanmaren_3dgis,2026-04-29 8:26:07,gvanmaren_3dgis,2026-06-11 17:08:00,2026-06-11 17:09:00,11/06/2026 5:08:00 PM,11/06/2026 5:09:00 PM,4.554600239,4.554600239,-13704316.08,6321905.503
81,gh-78,Carrall St,,Command Post,,,,,,Kurt Curtis,088569548,,,,,,,,FIFA World Cup 2026™ - overflow even... 2026-6-11,gh-78 FIFA World Cup 2026™ - overflow even... 2026-6-11,,{32F2E8AB-E650-4AAD-950F-D04834E49C29},2026-04-29 8:27:03,gvanmaren_3dgis,2026-04-29 8:30:17,gvanmaren_3dgis,2026-06-11 17:08:00,2026-06-11 17:09:00,11/06/2026 5:08:00 PM,11/06/2026 5:09:00 PM,4.829718113,4.829718113,-13704149.54,6321987.082
82,gvm-10,,,Traffic Control,,,,,Cpl.,Gert Van Maren,0765555510,gvanmaren@esri.com,,,,Paraglider pilot,,,FIFA World Cup 2026™ - overflow even... 2026-6-11,gvm-10 FIFA World Cup 2026™ - overflow even... 2026-6-11,,{A564F36E-F460-4039-8403-62DD64A78134},2026-04-29 8:19:00,gvanmaren_3dgis,2026-04-29 8:19:00,gvanmaren_3dgis,2026-06-11 17:09:00,2026-06-11 17:10:00,11/06/2026 5:09:00 PM,11/06/2026 5:10:00 PM,4.069633484,4.069633484,-13704424.8,6321935.066
83,ns-10,,,Traffic Control,,,,,Cpl.,Dude,079333222,,,,,Motor rider,,,FIFA World Cup 2026™ - overflow even... 2026-6-11,ns-10 FIFA World Cup 2026™ - overflow even... 2026-6-11,Off post,{0DA95C69-2443-4FA2-869F-8D37A5C5B830},2026-04-29 8:20:03,gvanmaren_3dgis,2026-04-29 8:21:29,gvanmaren_3dgis,2026-06-11 17:09:00,2026-06-11 17:10:00,11/06/2026 5:09:00 PM,11/06/2026 5:10:00 PM,4.461204052,4.461204052,-13704463.9,6321910.742
84,ww-12,,,Foot Patrol,,,,,Sgt.,,0269998888,,,,,,,,FIFA World Cup 2026™ - overflow even... 2026-6-11,ww-12 FIFA World Cup 2026™ - overflow even... 2026-6-11,,{F4B8C688-79EA-44F8-8B3D-A0F8C9A8022F},2026-04-29 8:22:20,gvanmaren_3dgis,2026-04-29 8:22:20,gvanmaren_3dgis,2026-06-11 17:09:00,2026-06-11 17:10:00,11/06/2026 5:09:00 PM,11/06/2026 5:10:00 PM,4.135970116,4.135970116,-13704421.03,6321914.65
85,okm-98,,,Foot Patrol,,,,,Lt.,,,,,,,,,,FIFA World Cup 2026™ - overflow even... 2026-6-11,okm-98 FIFA World Cup 2026™ - overflow even... 2026-6-11,,{A24C9101-290D-499A-A83A-5E1BD5393A43},2026-04-29 8:23:20,gvanmaren_3dgis,2026-04-29 8:23:20,gvanmaren_3dgis,2026-06-11 17:09:00,2026-06-11 17:10:00,11/06/2026 5:09:00 PM,11/06/2026 5:10:00 PM,4.928792953,4.928793111,-13704317.94,6321856.105
86,evm-99,,,Foot Patrol,,,,,Off.,Sascha Gabor,022563214,,,,,,,,FIFA World Cup 2026™ - overflow even... 2026-6-11,evm-99 FIFA World Cup 2026™ - overflow even... 2026-6-11,,{1DF751E5-7929-4C09-A2B8-2D898E0617F1},2026-04-29 8:24:12,gvanmaren_3dgis,2026-04-29 8:29:46,gvanmaren_3dgis,2026-06-11 17:09:00,2026-06-11 17:10:00,11/06/2026 5:09:00 PM,11/06/2026 5:10:00 PM,4.191029072,4.191029178,-13704278.77,6321903.316
87,rr-56,,,Foot Patrol,,,,,Cpl.,,,,,,,,,,FIFA World Cup 2026™ - overflow even... 2026-6-11,rr-56 FIFA World Cup 2026™ - overflow even... 2026-6-11,,{3F0C1749-6A62-489E-ACAB-60CCEC4097CA},2026-04-29 8:24:44,gvanmaren_3dgis,2026-04-29 8:24:44,gvanmaren_3dgis,2026-06-11 17:09:00,2026-06-11 17:10:00,11/06/2026 5:09:00 PM,11/06/2026 5:10:00 PM,4.063602448,4.063602448,-13704201.25,6321842.45
88,emt-34,,,Paramedic,Medics,,,,Off.,Henry Collins,045666333,,,,,,,,FIFA World Cup 2026™ - overflow even... 2026-6-11,emt-34 FIFA World Cup 2026™ - overflow even... 2026-6-11,,{77753184-121A-4CA2-B64F-DE8F286B7BA3},2026-04-29 8:25:35,gvanmaren_3dgis,2026-04-29 8:28:15,gvanmaren_3dgis,2026-06-11 17:09:00,2026-06-11 17:10:00,11/06/2026 5:09:00 PM,11/06/2026 5:10:00 PM,4.323612213,4.323612213,-13704522.48,6321856.06
89,was-78,,,Paramedic,,,,,Maj.,,,,,,,,,,FIFA World Cup 2026™ - overflow even... 2026-6-11,was-78 FIFA World Cup 2026™ - overflow even... 2026-6-11,,{D83A0DDA-2408-4D99-8AE1-A77BECC82844},2026-04-29 8:26:07,gvanmaren_3dgis,2026-04-29 8:26:07,gvanmaren_3dgis,2026-06-11 17:09:00,2026-06-11 17:10:00,11/06/2026 5:09:00 PM,11/06/2026 5:10:00 PM,4.554600239,4.554600239,-13704420.56,6321926.735
90,gh-78,Carrall St,,Command Post,,,,,,Kurt Curtis,088569548,,,,,,,,FIFA World Cup 2026™ - overflow even... 2026-6-11,gh-78 FIFA World Cup 2026™ - overflow even... 2026-6-11,,{EF7B93BE-60E0-48C7-B307-1AC1D2589513},2026-04-29 8:27:03,gvanmaren_3dgis,2026-04-29 8:30:17,gvanmaren_3dgis,2026-06-11 17:09:00,2026-06-11 17:10:00,11/06/2026 5:09:00 PM,11/06/2026 5:10:00 PM,4.829718113,4.829718113,-13704149.54,6321987.082
91,gvm-10,,,Traffic Control,,,,,Cpl.,Gert Van Maren,0765555510,gvanmaren@esri.com,,,,Paraglider pilot,,,FIFA World Cup 2026™ - overflow even... 2026-6-11,gvm-10 FIFA World Cup 2026™ - overflow even... 2026-6-11,,{02659CB1-C60B-4FDB-A48B-FCBD05F93A25},2026-04-29 8:19:00,gvanmaren_3dgis,2026-04-29 8:19:00,gvanmaren_3dgis,2026-06-11 17:10:00,2026-06-11 17:11:00,11/06/2026 5:10:00 PM,11/06/2026 5:11:00 PM,4.069633484,4.069633484,-13704517.7,6321864.722
92,ns-10,,,Traffic Control,,,,,Cpl.,Dude,079333222,,,,,Motor rider,,,FIFA World Cup 2026™ - overflow even... 2026-6-11,ns-10 FIFA World Cup 2026™ - overflow even... 2026-6-11,Off post,{E3632E8D-4615-42B3-BD59-137882B8418D},2026-04-29 8:20:03,gvanmaren_3dgis,2026-04-29 8:21:29,gvanmaren_3dgis,2026-06-11 17:10:00,2026-06-11 17:11:00,11/06/2026 5:10:00 PM,11/06/2026 5:11:00 PM,4.461204052,4.461204052,-13704463.9,6321910.742
93,ww-12,,,Foot Patrol,,,,,Sgt.,,0269998888,,,,,,,,FIFA World Cup 2026™ - overflow even... 2026-6-11,ww-12 FIFA World Cup 2026™ - overflow even... 2026-6-11,,{D06792AC-44DA-4F5F-BDC8-4A10D50EC401},2026-04-29 8:22:20,gvanmaren_3dgis,2026-04-29 8:22:20,gvanmaren_3dgis,2026-06-11 17:10:00,2026-06-11 17:11:00,11/06/2026 5:10:00 PM,11/06/2026 5:11:00 PM,4.135970116,4.135970116,-13704511.36,6321852.056
94,okm-98,,,Foot Patrol,,,,,Lt.,,,,,,,,,,FIFA World Cup 2026™ - overflow even... 2026-6-11,okm-98 FIFA World Cup 2026™ - overflow even... 2026-6-11,,{5FB8D26B-5694-495D-93D0-6EC6105046B5},2026-04-29 8:23:20,gvanmaren_3dgis,2026-04-29 8:23:20,gvanmaren_3dgis,2026-06-11 17:10:00,2026-06-11 17:11:00,11/06/2026 5:10:00 PM,11/06/2026 5:11:00 PM,4.928792953,4.928793111,-13704356.27,6321861.055
95,evm-99,,,Foot Patrol,,,,,Off.,Sascha Gabor,022563214,,,,,,,,FIFA World Cup 2026™ - overflow even... 2026-6-11,evm-99 FIFA World Cup 2026™ - overflow even... 2026-6-11,,{113CF40C-DD7B-4792-A462-211FC875D287},2026-04-29 8:24:12,gvanmaren_3dgis,2026-04-29 8:29:46,gvanmaren_3dgis,2026-06-11 17:10:00,2026-06-11 17:11:00,11/06/2026 5:10:00 PM,11/06/2026 5:11:00 PM,4.191029072,4.191029178,-13704278.77,6321903.316
96,rr-56,,,Foot Patrol,,,,,Cpl.,,,,,,,,,,FIFA World Cup 2026™ - overflow even... 2026-6-11,rr-56 FIFA World Cup 2026™ - overflow even... 2026-6-11,,{56EBFDF6-8FBB-4DB2-9BAF-479B51F95FEA},2026-04-29 8:24:44,gvanmaren_3dgis,2026-04-29 8:24:44,gvanmaren_3dgis,2026-06-11 17:10:00,2026-06-11 17:11:00,11/06/2026 5:10:00 PM,11/06/2026 5:11:00 PM,4.063602448,4.063602448,-13704201.25,6321842.45
97,emt-34,,,Paramedic,Medics,,,,Off.,Henry Collins,045666333,,,,,,,,FIFA World Cup 2026™ - overflow even... 2026-6-11,emt-34 FIFA World Cup 2026™ - overflow even... 2026-6-11,,{BEAD545B-DF5B-4CF1-B742-FC51CA903536},2026-04-29 8:25:35,gvanmaren_3dgis,2026-04-29 8:28:15,gvanmaren_3dgis,2026-06-11 17:10:00,2026-06-11 17:11:00,11/06/2026 5:10:00 PM,11/06/2026 5:11:00 PM,4.323612213,4.323612213,-13704522.48,6321856.06
98,was-78,,,Paramedic,,,,,Maj.,,,,,,,,,,FIFA World Cup 2026™ - overflow even... 2026-6-11,was-78 FIFA World Cup 2026™ - overflow even... 2026-6-11,,{52A4BA7E-34CA-4175-8782-1D55E95C2AC6},2026-04-29 8:26:07,gvanmaren_3dgis,2026-04-29 8:26:07,gvanmaren_3dgis,2026-06-11 17:10:00,2026-06-11 17:11:00,11/06/2026 5:10:00 PM,11/06/2026 5:11:00 PM,4.554600239,4.554600239,-13704507.87,6321858.907
99,gh-78,Carrall St,,Command Post,,,,,,Kurt Curtis,088569548,,,,,,,,FIFA World Cup 2026™ - overflow even... 2026-6-11,gh-78 FIFA World Cup 2026™ - overflow even... 2026-6-11,,{836AED8C-B9F4-456B-851F-27B26C47C3EB},2026-04-29 8:27:03,gvanmaren_3dgis,2026-04-29 8:30:17,gvanmaren_3dgis,2026-06-11 17:10:00,2026-06-11 17:11:00,11/06/2026 5:10:00 PM,11/06/2026 5:11:00 PM,4.829718113,4.829718113,-13704149.54,6321987.082
100,gvm-10,,,Traffic Control,,,,,Cpl.,Gert Van Maren,0765555510,gvanmaren@esri.com,,,,Paraglider pilot,,,FIFA World Cup 2026™ - overflow even... 2026-6-11,gvm-10 FIFA World Cup 2026™ - overflow even... 2026-6-11,,{87A4CD68-4EFA-4F15-AC12-31F193DED064},2026-04-29 8:19:00,gvanmaren_3dgis,2026-04-29 8:19:00,gvanmaren_3dgis,2026-06-11 17:00:00,2026-06-11 17:01:00,11/06/2026 5:00:00 PM,11/06/2026 5:01:00 PM,4.595128059,4.508930683,-13704383.7,6321922.018
101,ns-10,,,Traffic Control,,,,,Cpl.,Dude,079333222,,,,,Motor rider,,,FIFA World Cup 2026™ - overflow even... 2026-6-11,ns-10 FIFA World Cup 2026™ - overflow even... 2026-6-11,Off post,{6EC70753-8C87-43BE-824D-4151C48A6EBC},2026-04-29 8:20:03,gvanmaren_3dgis,2026-04-29 8:21:29,gvanmaren_3dgis,2026-06-11 17:00:00,2026-06-11 17:01:00,11/06/2026 5:00:00 PM,11/06/2026 5:01:00 PM,4.461204052,4.461204052,-13704463.9,6321910.742
102,ww-12,,,Foot Patrol,,,,,Sgt.,,0269998888,,,,,,,,FIFA World Cup 2026™ - overflow even... 2026-6-11,ww-12 FIFA World Cup 2026™ - overflow even... 2026-6-11,,{A824DBC7-1138-46D5-8D0F-99DDB4B12C12},2026-04-29 8:22:20,gvanmaren_3dgis,2026-04-29 8:22:20,gvanmaren_3dgis,2026-06-11 17:00:00,2026-06-11 17:01:00,11/06/2026 5:00:00 PM,11/06/2026 5:01:00 PM,4.684360504,4.769339085,-13704309.73,6321850.82
103,okm-98,,,Foot Patrol,,,,,Lt.,,,,,,,,,,FIFA World Cup 2026™ - overflow even... 2026-6-11,okm-98 FIFA World Cup 2026™ - overflow even... 2026-6-11,,{1E33AD7B-AA56-4CF5-A00B-9F4E9935C2B0},2026-04-29 8:23:20,gvanmaren_3dgis,2026-04-29 8:23:20,gvanmaren_3dgis,2026-06-11 17:00:00,2026-06-11 17:01:00,11/06/2026 5:00:00 PM,11/06/2026 5:01:00 PM,4.928792953,4.928793111,-13704356.27,6321861.055
104,evm-99,,,Foot Patrol,,,,,Off.,Sascha Gabor,022563214,,,,,,,,FIFA World Cup 2026™ - overflow even... 2026-6-11,evm-99 FIFA World Cup 2026™ - overflow even... 2026-6-11,,{F515E01F-47A7-4B4F-8722-4E3EF744FFE6},2026-04-29 8:24:12,gvanmaren_3dgis,2026-04-29 8:29:46,gvanmaren_3dgis,2026-06-11 17:00:00,2026-06-11 17:01:00,11/06/2026 5:00:00 PM,11/06/2026 5:01:00 PM,4.191029072,4.191029178,-13704278.77,6321903.316
105,rr-56,,,Foot Patrol,,,,,Cpl.,,,,,,,,,,FIFA World Cup 2026™ - overflow even... 2026-6-11,rr-56 FIFA World Cup 2026™ - overflow even... 2026-6-11,,{8B480054-0090-4279-84F4-E75AE3711ED8},2026-04-29 8:24:44,gvanmaren_3dgis,2026-04-29 8:24:44,gvanmaren_3dgis,2026-06-11 17:00:00,2026-06-11 17:01:00,11/06/2026 5:00:00 PM,11/06/2026 5:01:00 PM,4.004535198,4.192516361,-13704219.92,6321848.521
106,emt-34,,,Paramedic,Medics,,,,Off.,Henry Collins,045666333,,,,,,,,FIFA World Cup 2026™ - overflow even... 2026-6-11,emt-34 FIFA World Cup 2026™ - overflow even... 2026-6-11,,{AEEF21B2-786D-4116-87B2-106952EA3D1D},2026-04-29 8:25:35,gvanmaren_3dgis,2026-04-29 8:28:15,gvanmaren_3dgis,2026-06-11 17:00:00,2026-06-11 17:01:00,11/06/2026 5:00:00 PM,11/06/2026 5:01:00 PM,4.323612213,4.323612213,-13704522.48,6321856.06
107,was-78,,,Paramedic,,,,,Maj.,,,,,,,,,,FIFA World Cup 2026™ - overflow even... 2026-6-11,was-78 FIFA World Cup 2026™ - overflow even... 2026-6-11,,{A406FE0C-BEAE-42E9-B08B-19F7E4C7BBCB},2026-04-29 8:26:07,gvanmaren_3dgis,2026-04-29 8:26:07,gvanmaren_3dgis,2026-06-11 17:00:00,2026-06-11 17:01:00,11/06/2026 5:00:00 PM,11/06/2026 5:01:00 PM,4.323612213,4.323612213,-13704522.23,6321854.385
108,gh-78,Carrall St,,Command Post,,,,,,Kurt Curtis,088569548,,,,,,,,FIFA World Cup 2026™ - overflow even... 2026-6-11,gh-78 FIFA World Cup 2026™ - overflow even... 2026-6-11,,{CD733DDB-BFB1-482E-8279-9E0399BDC1AF},2026-04-29 8:27:03,gvanmaren_3dgis,2026-04-29 8:30:17,gvanmaren_3dgis,2026-06-11 17:00:00,2026-06-11 17:01:00,11/06/2026 5:00:00 PM,11/06/2026 5:01:00 PM,4.829718113,4.829718113,-13704149.54,6321987.082
109,gvm-10,,,Traffic Control,,,,,Cpl.,Gert Van Maren,0765555510,gvanmaren@esri.com,,,,Paraglider pilot,,,FIFA World Cup 2026™ - overflow even... 2026-6-11,gvm-10 FIFA World Cup 2026™ - overflow even... 2026-6-11,,{D63C1ED3-6DF7-48DB-B87D-5779D7018451},2026-04-29 8:19:00,gvanmaren_3dgis,2026-04-29 8:19:00,6321908.0549,2026-06-11 17:01:00,2026-06-11 17:02:00,11/06/2026 5:01:00 PM,11/06/2026 5:02:00 PM,4.595128059,4.508930683,-13704325.53,6321908.055
110,ns-10,,,Traffic Control,,,,,Cpl.,Dude,079333222,,,,,Motor rider,,,FIFA World Cup 2026™ - overflow even... 2026-6-11,ns-10 FIFA World Cup 2026™ - overflow even... 2026-6-11,Off post,{9409BEE4-DF9F-4139-BE51-9687DFB70E6B},2026-04-29 8:20:03,gvanmaren_3dgis,2026-04-29 8:21:29,6321910.7417,2026-06-11 17:01:00,2026-06-11 17:02:00,11/06/2026 5:01:00 PM,11/06/2026 5:02:00 PM,4.461204052,4.461204052,-13704463.9,6321910.742
111,ww-12,,,Foot Patrol,,,,,Sgt.,,0269998888,,,,,,,,FIFA World Cup 2026™ - overflow even... 2026-6-11,ww-12 FIFA World Cup 2026™ - overflow even... 2026-6-11,,{E282D7C4-F8FE-46CB-8452-21CBB568D810},2026-04-29 8:22:20,gvanmaren_3dgis,2026-04-29 8:22:20,6321843.6616,2026-06-11 17:01:00,2026-06-11 17:02:00,11/06/2026 5:01:00 PM,11/06/2026 5:02:00 PM,4.684360504,4.769339085,-13704264.34,6321843.662
112,okm-98,,,Foot Patrol,,,,,Lt.,,,,,,,,,,FIFA World Cup 2026™ - overflow even... 2026-6-11,okm-98 FIFA World Cup 2026™ - overflow even... 2026-6-11,,{4FAAE82A-B63E-4832-9C7E-3450ED969B7C},2026-04-29 8:23:20,gvanmaren_3dgis,2026-04-29 8:23:20,6321861.055,2026-06-11 17:01:00,2026-06-11 17:02:00,11/06/2026 5:01:00 PM,11/06/2026 5:02:00 PM,4.928792953,4.928793111,-13704356.27,6321861.055
113,evm-99,,,Foot Patrol,,,,,Off.,Sascha Gabor,022563214,,,,,,,,FIFA World Cup 2026™ - overflow even... 2026-6-11,evm-99 FIFA World Cup 2026™ - overflow even... 2026-6-11,,{CF539A2C-2DF7-473A-BAD2-BC1DAB9103E4},2026-04-29 8:24:12,gvanmaren_3dgis,2026-04-29 8:29:46,6321903.3159,2026-06-11 17:01:00,2026-06-11 17:02:00,11/06/2026 5:01:00 PM,11/06/2026 5:02:00 PM,4.191029072,4.191029178,-13704278.77,6321903.316
114,rr-56,,,Foot Patrol,,,,,Cpl.,,,,,,,,,,FIFA World Cup 2026™ - overflow even... 2026-6-11,rr-56 FIFA World Cup 2026™ - overflow even... 2026-6-11,,{F16EE0FE-340F-4F23-936C-770523F9258E},2026-04-29 8:24:44,gvanmaren_3dgis,2026-04-29 8:24:44,6321849.6722,2026-06-11 17:01:00,2026-06-11 17:02:00,11/06/2026 5:01:00 PM,11/06/2026 5:02:00 PM,4.004535198,4.192516361,-13704206.37,6321849.672
115,emt-34,,,Paramedic,Medics,,,,Off.,Henry Collins,045666333,,,,,,,,FIFA World Cup 2026™ - overflow even... 2026-6-11,emt-34 FIFA World Cup 2026™ - overflow even... 2026-6-11,,{C54C580C-0B19-4396-B739-572A9F549E36},2026-04-29 8:25:35,gvanmaren_3dgis,2026-04-29 8:28:15,6321856.0598,2026-06-11 17:01:00,2026-06-11 17:02:00,11/06/2026 5:01:00 PM,11/06/2026 5:02:00 PM,4.323612213,4.323612213,-13704522.48,6321856.06
116,was-78,,,Paramedic,,,,,Maj.,,,,,,,,,,FIFA World Cup 2026™ - overflow even... 2026-6-11,was-78 FIFA World Cup 2026™ - overflow even... 2026-6-11,,{7B314850-21DF-4165-95B4-59496D5DE533},2026-04-29 8:26:07,gvanmaren_3dgis,2026-04-29 8:26:07,6321854.3846,2026-06-11 17:01:00,2026-06-11 17:02:00,11/06/2026 5:01:00 PM,11/06/2026 5:02:00 PM,4.323612213,4.323612213,-13704522.23,6321854.385
117,gh-78,Carrall St,,Command Post,,,,,,Kurt Curtis,088569548,,,,,,,,FIFA World Cup 2026™ - overflow even... 2026-6-11,gh-78 FIFA World Cup 2026™ - overflow even... 2026-6-11,,{B48E83D3-1F20-48BA-B412-DB7FD14BB677},2026-04-29 8:27:03,gvanmaren_3dgis,2026-04-29 8:30:17,6321987.0818,2026-06-11 17:01:00,2026-06-11 17:02:00,11/06/2026 5:01:00 PM,11/06/2026 5:02:00 PM,4.829718113,4.829718113,-13704149.54,6321987.082
