OBJECTID,unitid,unitloc,unitshift,unittype,unitsquad,unitradio,unitduties,level_id,staffrank,staffname,staffphone,staffemail,staffstatus,staffpay,staffduty,staffskills,staffagency,apparatus,eventid,uniqueid,poststatus,CreationDate,Creator,EditDate,Editor,start_time,end_time,start_time_txt,end_time_txt,elevation,Z,X,Y,POINT_X,POINT_Y,POINT_Z,feature_order
1,gvm-10,,,Traffic Control,,,,,Cpl.,Gert Van Maren,0765555510,gvanmaren@esri.com,,,,Paraglider pilot,,,FIFA World Cup 2026™ - overflow even... 2026-6-11,gvm-10 FIFA World Cup 2026™ - overflow even... 2026-6-11,,2026-04-29 8:19:00,gvanmaren_3dgis,2026-04-29 8:19:00,gvanmaren_3dgis,2026-06-11 16:58:00,2026-06-11 16:59:00,11/06/2026 4:58:00 PM,11/06/2026 4:59:00 PM,4.595128059,4.595128056,-13704455.44,6321916.625,-13704455.44,6321916.625,0,1
2,ns-10,,,Traffic Control,,,,,Cpl.,Dude,079333222,,,,,Motor rider,,,FIFA World Cup 2026™ - overflow even... 2026-6-11,ns-10 FIFA World Cup 2026™ - overflow even... 2026-6-11,Off post,2026-04-29 8:20:03,gvanmaren_3dgis,2026-04-29 8:21:29,gvanmaren_3dgis,2026-06-11 16:58:00,2026-06-11 16:59:00,11/06/2026 4:58:00 PM,11/06/2026 4:59:00 PM,4.461204052,4.461204052,-13704463.9,6321910.742,-13704463.9,6321910.742,0,2
3,ww-12,,,Foot Patrol,,,,,Sgt.,,0269998888,,,,,,,,FIFA World Cup 2026™ - overflow even... 2026-6-11,ww-12 FIFA World Cup 2026™ - overflow even... 2026-6-11,,2026-04-29 8:22:20,gvanmaren_3dgis,2026-04-29 8:22:20,gvanmaren_3dgis,2026-06-11 16:58:00,2026-06-11 16:59:00,11/06/2026 4:58:00 PM,11/06/2026 4:59:00 PM,4.684360504,4.684360581,-13704353.12,6321875.914,-13704353.12,6321875.914,0,3
4,okm-98,,,Foot Patrol,,,,,Lt.,,,,,,,,,,FIFA World Cup 2026™ - overflow even... 2026-6-11,okm-98 FIFA World Cup 2026™ - overflow even... 2026-6-11,,2026-04-29 8:23:20,gvanmaren_3dgis,2026-04-29 8:23:20,gvanmaren_3dgis,2026-06-11 16:58:00,2026-06-11 16:59:00,11/06/2026 4:58:00 PM,11/06/2026 4:59:00 PM,4.928792953,4.928793111,-13704356.27,6321861.055,-13704356.27,6321861.055,0,4
5,evm-99,,,Foot Patrol,,,,,Off.,Sascha Gabor,022563214,,,,,,,,FIFA World Cup 2026™ - overflow even... 2026-6-11,evm-99 FIFA World Cup 2026™ - overflow even... 2026-6-11,,2026-04-29 8:24:12,gvanmaren_3dgis,2026-04-29 8:29:46,gvanmaren_3dgis,2026-06-11 16:58:00,2026-06-11 16:59:00,11/06/2026 4:58:00 PM,11/06/2026 4:59:00 PM,4.191029072,4.191029178,-13704278.77,6321903.316,-13704278.77,6321903.316,0,5
6,rr-56,,,Foot Patrol,,,,,Cpl.,,,,,,,,,,FIFA World Cup 2026™ - overflow even... 2026-6-11,rr-56 FIFA World Cup 2026™ - overflow even... 2026-6-11,,2026-04-29 8:24:44,gvanmaren_3dgis,2026-04-29 8:24:44,gvanmaren_3dgis,2026-06-11 16:58:00,2026-06-11 16:59:00,11/06/2026 4:58:00 PM,11/06/2026 4:59:00 PM,4.004535198,4.004535064,-13704271.4,6321896.458,-13704271.4,6321896.458,0,6
7,emt-34,,,Paramedic,Medics,,,,Off.,Henry Collins,045666333,,,,,,,,FIFA World Cup 2026™ - overflow even... 2026-6-11,emt-34 FIFA World Cup 2026™ - overflow even... 2026-6-11,,2026-04-29 8:25:35,gvanmaren_3dgis,2026-04-29 8:28:15,gvanmaren_3dgis,2026-06-11 16:58:00,2026-06-11 16:59:00,11/06/2026 4:58:00 PM,11/06/2026 4:59:00 PM,4.323612213,4.323612213,-13704522.48,6321856.06,-13704522.48,6321856.06,0,7
8,was-78,,,Paramedic,,,,,Maj.,,,,,,,,,,FIFA World Cup 2026™ - overflow even... 2026-6-11,was-78 FIFA World Cup 2026™ - overflow even... 2026-6-11,,2026-04-29 8:26:07,gvanmaren_3dgis,2026-04-29 8:26:07,gvanmaren_3dgis,2026-06-11 16:58:00,2026-06-11 16:59:00,11/06/2026 4:58:00 PM,11/06/2026 4:59:00 PM,4.323612213,4.323612213,-13704522.23,6321854.385,-13704522.23,6321854.385,0,8
9,gh-78,Carrall St,,Command Post,,,,,,Kurt Curtis,088569548,,,,,,,,FIFA World Cup 2026™ - overflow even... 2026-6-11,gh-78 FIFA World Cup 2026™ - overflow even... 2026-6-11,,2026-04-29 8:27:03,gvanmaren_3dgis,2026-04-29 8:30:17,gvanmaren_3dgis,2026-06-11 16:58:00,2026-06-11 16:59:00,11/06/2026 4:58:00 PM,11/06/2026 4:59:00 PM,4.829718113,4.829718113,-13704149.54,6321987.082,-13704149.54,6321987.082,0,9
10,gvm-10,,,Traffic Control,,,,,Cpl.,Gert Van Maren,0765555510,gvanmaren@esri.com,,,,Paraglider pilot,,,FIFA World Cup 2026™ - overflow even... 2026-6-11,gvm-10 FIFA World Cup 2026™ - overflow even... 2026-6-11,,2026-04-29 8:19:00,gvanmaren_3dgis,2026-04-29 8:19:00,gvanmaren_3dgis,2026-06-11 16:59:00,2026-06-11 17:00:00,11/06/2026 4:59:00 PM,11/06/2026 5:00:00 PM,4.595128059,4.508930683,-13704420.9,6321922.018,-13704420.9,6321922.018,0,10
11,ns-10,,,Traffic Control,,,,,Cpl.,Dude,079333222,,,,,Motor rider,,,FIFA World Cup 2026™ - overflow even... 2026-6-11,ns-10 FIFA World Cup 2026™ - overflow even... 2026-6-11,Off post,2026-04-29 8:20:03,gvanmaren_3dgis,2026-04-29 8:21:29,gvanmaren_3dgis,2026-06-11 16:59:00,2026-06-11 17:00:00,11/06/2026 4:59:00 PM,11/06/2026 5:00:00 PM,4.461204052,4.461204052,-13704463.9,6321910.742,-13704463.9,6321910.742,0,11
12,ww-12,,,Foot Patrol,,,,,Sgt.,,0269998888,,,,,,,,FIFA World Cup 2026™ - overflow even... 2026-6-11,ww-12 FIFA World Cup 2026™ - overflow even... 2026-6-11,,2026-04-29 8:22:20,gvanmaren_3dgis,2026-04-29 8:22:20,gvanmaren_3dgis,2026-06-11 16:59:00,2026-06-11 17:00:00,11/06/2026 4:59:00 PM,11/06/2026 5:00:00 PM,4.684360504,4.769339085,-13704334.26,6321850.82,-13704334.26,6321850.82,0,12
13,okm-98,,,Foot Patrol,,,,,Lt.,,,,,,,,,,FIFA World Cup 2026™ - overflow even... 2026-6-11,okm-98 FIFA World Cup 2026™ - overflow even... 2026-6-11,,2026-04-29 8:23:20,gvanmaren_3dgis,2026-04-29 8:23:20,gvanmaren_3dgis,2026-06-11 16:59:00,2026-06-11 17:00:00,11/06/2026 4:59:00 PM,11/06/2026 5:00:00 PM,4.928792953,4.928793111,-13704356.27,6321861.055,-13704356.27,6321861.055,0,13
14,evm-99,,,Foot Patrol,,,,,Off.,Sascha Gabor,022563214,,,,,,,,FIFA World Cup 2026™ - overflow even... 2026-6-11,evm-99 FIFA World Cup 2026™ - overflow even... 2026-6-11,,2026-04-29 8:24:12,gvanmaren_3dgis,2026-04-29 8:29:46,gvanmaren_3dgis,2026-06-11 16:59:00,2026-06-11 17:00:00,11/06/2026 4:59:00 PM,11/06/2026 5:00:00 PM,4.191029072,4.191029178,-13704278.77,6321903.316,-13704278.77,6321903.316,0,14
15,rr-56,,,Foot Patrol,,,,,Cpl.,,,,,,,,,,FIFA World Cup 2026™ - overflow even... 2026-6-11,rr-56 FIFA World Cup 2026™ - overflow even... 2026-6-11,,2026-04-29 8:24:44,gvanmaren_3dgis,2026-04-29 8:24:44,gvanmaren_3dgis,2026-06-11 16:59:00,2026-06-11 17:00:00,11/06/2026 4:59:00 PM,11/06/2026 5:00:00 PM,4.004535198,4.192516361,-13704241.88,6321867.09,-13704241.88,6321867.09,0,15
16,emt-34,,,Paramedic,Medics,,,,Off.,Henry Collins,045666333,,,,,,,,FIFA World Cup 2026™ - overflow even... 2026-6-11,emt-34 FIFA World Cup 2026™ - overflow even... 2026-6-11,,2026-04-29 8:25:35,gvanmaren_3dgis,2026-04-29 8:28:15,gvanmaren_3dgis,2026-06-11 16:59:00,2026-06-11 17:00:00,11/06/2026 4:59:00 PM,11/06/2026 5:00:00 PM,4.323612213,4.323612213,-13704522.48,6321856.06,-13704522.48,6321856.06,0,16
17,was-78,,,Paramedic,,,,,Maj.,,,,,,,,,,FIFA World Cup 2026™ - overflow even... 2026-6-11,was-78 FIFA World Cup 2026™ - overflow even... 2026-6-11,,2026-04-29 8:26:07,gvanmaren_3dgis,2026-04-29 8:26:07,gvanmaren_3dgis,2026-06-11 16:59:00,2026-06-11 17:00:00,11/06/2026 4:59:00 PM,11/06/2026 5:00:00 PM,4.323612213,4.323612213,-13704522.23,6321854.385,-13704522.23,6321854.385,0,17
18,gh-78,Carrall St,,Command Post,,,,,,Kurt Curtis,088569548,,,,,,,,FIFA World Cup 2026™ - overflow even... 2026-6-11,gh-78 FIFA World Cup 2026™ - overflow even... 2026-6-11,,2026-04-29 8:27:03,gvanmaren_3dgis,2026-04-29 8:30:17,gvanmaren_3dgis,2026-06-11 16:59:00,2026-06-11 17:00:00,11/06/2026 4:59:00 PM,11/06/2026 5:00:00 PM,4.829718113,4.829718113,-13704149.54,6321987.082,-13704149.54,6321987.082,0,18
19,gvm-10,,,Traffic Control,,,,,Cpl.,Gert Van Maren,0765555510,gvanmaren@esri.com,,,,Paraglider pilot,,,FIFA World Cup 2026™ - overflow even... 2026-6-11,gvm-10 FIFA World Cup 2026™ - overflow even... 2026-6-11,,2026-04-29 8:19:00,gvanmaren_3dgis,2026-04-29 8:19:00,gvanmaren_3dgis,2026-06-11 17:00:00,2026-06-11 17:01:00,11/06/2026 5:00:00 PM,11/06/2026 5:01:00 PM,4.595128059,4.508930683,-13704383.7,6321922.018,-13704383.7,6321922.018,0,19
20,ns-10,,,Traffic Control,,,,,Cpl.,Dude,079333222,,,,,Motor rider,,,FIFA World Cup 2026™ - overflow even... 2026-6-11,ns-10 FIFA World Cup 2026™ - overflow even... 2026-6-11,Off post,2026-04-29 8:20:03,gvanmaren_3dgis,2026-04-29 8:21:29,gvanmaren_3dgis,2026-06-11 17:00:00,2026-06-11 17:01:00,11/06/2026 5:00:00 PM,11/06/2026 5:01:00 PM,4.461204052,4.461204052,-13704463.9,6321910.742,-13704463.9,6321910.742,0,20
21,ww-12,,,Foot Patrol,,,,,Sgt.,,0269998888,,,,,,,,FIFA World Cup 2026™ - overflow even... 2026-6-11,ww-12 FIFA World Cup 2026™ - overflow even... 2026-6-11,,2026-04-29 8:22:20,gvanmaren_3dgis,2026-04-29 8:22:20,gvanmaren_3dgis,2026-06-11 17:00:00,2026-06-11 17:01:00,11/06/2026 5:00:00 PM,11/06/2026 5:01:00 PM,4.684360504,4.769339085,-13704309.73,6321850.82,-13704309.73,6321850.82,0,21
22,okm-98,,,Foot Patrol,,,,,Lt.,,,,,,,,,,FIFA World Cup 2026™ - overflow even... 2026-6-11,okm-98 FIFA World Cup 2026™ - overflow even... 2026-6-11,,2026-04-29 8:23:20,gvanmaren_3dgis,2026-04-29 8:23:20,gvanmaren_3dgis,2026-06-11 17:00:00,2026-06-11 17:01:00,11/06/2026 5:00:00 PM,11/06/2026 5:01:00 PM,4.928792953,4.928793111,-13704356.27,6321861.055,-13704356.27,6321861.055,0,22
23,evm-99,,,Foot Patrol,,,,,Off.,Sascha Gabor,022563214,,,,,,,,FIFA World Cup 2026™ - overflow even... 2026-6-11,evm-99 FIFA World Cup 2026™ - overflow even... 2026-6-11,,2026-04-29 8:24:12,gvanmaren_3dgis,2026-04-29 8:29:46,gvanmaren_3dgis,2026-06-11 17:00:00,2026-06-11 17:01:00,11/06/2026 5:00:00 PM,11/06/2026 5:01:00 PM,4.191029072,4.191029178,-13704278.77,6321903.316,-13704278.77,6321903.316,0,23
24,rr-56,,,Foot Patrol,,,,,Cpl.,,,,,,,,,,FIFA World Cup 2026™ - overflow even... 2026-6-11,rr-56 FIFA World Cup 2026™ - overflow even... 2026-6-11,,2026-04-29 8:24:44,gvanmaren_3dgis,2026-04-29 8:24:44,gvanmaren_3dgis,2026-06-11 17:00:00,2026-06-11 17:01:00,11/06/2026 5:00:00 PM,11/06/2026 5:01:00 PM,4.004535198,4.192516361,-13704219.92,6321848.521,-13704219.92,6321848.521,0,24
25,emt-34,,,Paramedic,Medics,,,,Off.,Henry Collins,045666333,,,,,,,,FIFA World Cup 2026™ - overflow even... 2026-6-11,emt-34 FIFA World Cup 2026™ - overflow even... 2026-6-11,,2026-04-29 8:25:35,gvanmaren_3dgis,2026-04-29 8:28:15,gvanmaren_3dgis,2026-06-11 17:00:00,2026-06-11 17:01:00,11/06/2026 5:00:00 PM,11/06/2026 5:01:00 PM,4.323612213,4.323612213,-13704522.48,6321856.06,-13704522.48,6321856.06,0,25
26,was-78,,,Paramedic,,,,,Maj.,,,,,,,,,,FIFA World Cup 2026™ - overflow even... 2026-6-11,was-78 FIFA World Cup 2026™ - overflow even... 2026-6-11,,2026-04-29 8:26:07,gvanmaren_3dgis,2026-04-29 8:26:07,gvanmaren_3dgis,2026-06-11 17:00:00,2026-06-11 17:01:00,11/06/2026 5:00:00 PM,11/06/2026 5:01:00 PM,4.323612213,4.323612213,-13704522.23,6321854.385,-13704522.23,6321854.385,0,26
27,gh-78,Carrall St,,Command Post,,,,,,Kurt Curtis,088569548,,,,,,,,FIFA World Cup 2026™ - overflow even... 2026-6-11,gh-78 FIFA World Cup 2026™ - overflow even... 2026-6-11,,2026-04-29 8:27:03,gvanmaren_3dgis,2026-04-29 8:30:17,gvanmaren_3dgis,2026-06-11 17:00:00,2026-06-11 17:01:00,11/06/2026 5:00:00 PM,11/06/2026 5:01:00 PM,4.829718113,4.829718113,-13704149.54,6321987.082,-13704149.54,6321987.082,0,27
28,gvm-10,,,Traffic Control,,,,,Cpl.,Gert Van Maren,0765555510,gvanmaren@esri.com,,,,Paraglider pilot,,,FIFA World Cup 2026™ - overflow even... 2026-6-11,gvm-10 FIFA World Cup 2026™ - overflow even... 2026-6-11,,2026-04-29 8:19:00,gvanmaren_3dgis,2026-04-29 8:19:00,6321908.0549,2026-06-11 17:01:00,2026-06-11 17:02:00,11/06/2026 5:01:00 PM,11/06/2026 5:02:00 PM,4.595128059,4.508930683,-13704325.53,6321908.055,-13704325.53,6321908.055,0,28
29,ns-10,,,Traffic Control,,,,,Cpl.,Dude,079333222,,,,,Motor rider,,,FIFA World Cup 2026™ - overflow even... 2026-6-11,ns-10 FIFA World Cup 2026™ - overflow even... 2026-6-11,Off post,2026-04-29 8:20:03,gvanmaren_3dgis,2026-04-29 8:21:29,6321910.7417,2026-06-11 17:01:00,2026-06-11 17:02:00,11/06/2026 5:01:00 PM,11/06/2026 5:02:00 PM,4.461204052,4.461204052,-13704463.9,6321910.742,-13704463.9,6321910.742,0,29
30,ww-12,,,Foot Patrol,,,,,Sgt.,,0269998888,,,,,,,,FIFA World Cup 2026™ - overflow even... 2026-6-11,ww-12 FIFA World Cup 2026™ - overflow even... 2026-6-11,,2026-04-29 8:22:20,gvanmaren_3dgis,2026-04-29 8:22:20,6321843.6616,2026-06-11 17:01:00,2026-06-11 17:02:00,11/06/2026 5:01:00 PM,11/06/2026 5:02:00 PM,4.684360504,4.769339085,-13704264.34,6321843.662,-13704264.34,6321843.662,0,30
31,okm-98,,,Foot Patrol,,,,,Lt.,,,,,,,,,,FIFA World Cup 2026™ - overflow even... 2026-6-11,okm-98 FIFA World Cup 2026™ - overflow even... 2026-6-11,,2026-04-29 8:23:20,gvanmaren_3dgis,2026-04-29 8:23:20,6321861.055,2026-06-11 17:01:00,2026-06-11 17:02:00,11/06/2026 5:01:00 PM,11/06/2026 5:02:00 PM,4.928792953,4.928793111,-13704356.27,6321861.055,-13704356.27,6321861.055,0,31
32,evm-99,,,Foot Patrol,,,,,Off.,Sascha Gabor,022563214,,,,,,,,FIFA World Cup 2026™ - overflow even... 2026-6-11,evm-99 FIFA World Cup 2026™ - overflow even... 2026-6-11,,2026-04-29 8:24:12,gvanmaren_3dgis,2026-04-29 8:29:46,6321903.3159,2026-06-11 17:01:00,2026-06-11 17:02:00,11/06/2026 5:01:00 PM,11/06/2026 5:02:00 PM,4.191029072,4.191029178,-13704278.77,6321903.316,-13704278.77,6321903.316,0,32
33,rr-56,,,Foot Patrol,,,,,Cpl.,,,,,,,,,,FIFA World Cup 2026™ - overflow even... 2026-6-11,rr-56 FIFA World Cup 2026™ - overflow even... 2026-6-11,,2026-04-29 8:24:44,gvanmaren_3dgis,2026-04-29 8:24:44,6321849.6722,2026-06-11 17:01:00,2026-06-11 17:02:00,11/06/2026 5:01:00 PM,11/06/2026 5:02:00 PM,4.004535198,4.192516361,-13704206.37,6321849.672,-13704206.37,6321849.672,0,33
34,emt-34,,,Paramedic,Medics,,,,Off.,Henry Collins,045666333,,,,,,,,FIFA World Cup 2026™ - overflow even... 2026-6-11,emt-34 FIFA World Cup 2026™ - overflow even... 2026-6-11,,2026-04-29 8:25:35,gvanmaren_3dgis,2026-04-29 8:28:15,6321856.0598,2026-06-11 17:01:00,2026-06-11 17:02:00,11/06/2026 5:01:00 PM,11/06/2026 5:02:00 PM,4.323612213,4.323612213,-13704522.48,6321856.06,-13704522.48,6321856.06,0,34
35,was-78,,,Paramedic,,,,,Maj.,,,,,,,,,,FIFA World Cup 2026™ - overflow even... 2026-6-11,was-78 FIFA World Cup 2026™ - overflow even... 2026-6-11,,2026-04-29 8:26:07,gvanmaren_3dgis,2026-04-29 8:26:07,6321854.3846,2026-06-11 17:01:00,2026-06-11 17:02:00,11/06/2026 5:01:00 PM,11/06/2026 5:02:00 PM,4.323612213,4.323612213,-13704522.23,6321854.385,-13704522.23,6321854.385,0,35
36,gh-78,Carrall St,,Command Post,,,,,,Kurt Curtis,088569548,,,,,,,,FIFA World Cup 2026™ - overflow even... 2026-6-11,gh-78 FIFA World Cup 2026™ - overflow even... 2026-6-11,,2026-04-29 8:27:03,gvanmaren_3dgis,2026-04-29 8:30:17,6321987.0818,2026-06-11 17:01:00,2026-06-11 17:02:00,11/06/2026 5:01:00 PM,11/06/2026 5:02:00 PM,4.829718113,4.829718113,-13704149.54,6321987.082,-13704149.54,6321987.082,0,36
37,gvm-10,,,Traffic Control,,,,,Cpl.,Gert Van Maren,0765555510,gvanmaren@esri.com,,,,Paraglider pilot,,,FIFA World Cup 2026™ - overflow even... 2026-6-11,gvm-10 FIFA World Cup 2026™ - overflow even... 2026-6-11,,2026-04-29 8:19:00,gvanmaren_3dgis,2026-04-29 8:19:00,gvanmaren_3dgis,2026-06-11 17:02:00,2026-06-11 17:03:00,11/06/2026 5:02:00 PM,11/06/2026 5:03:00 PM,4.595128059,4.943184853,-13704295.79,6321879.649,-13704295.79,6321879.649,0,37
38,ns-10,,,Traffic Control,,,,,Cpl.,Dude,079333222,,,,,Motor rider,,,FIFA World Cup 2026™ - overflow even... 2026-6-11,ns-10 FIFA World Cup 2026™ - overflow even... 2026-6-11,Off post,2026-04-29 8:20:03,gvanmaren_3dgis,2026-04-29 8:21:29,gvanmaren_3dgis,2026-06-11 17:02:00,2026-06-11 17:03:00,11/06/2026 5:02:00 PM,11/06/2026 5:03:00 PM,4.461204052,4.461204052,-13704463.9,6321910.742,-13704463.9,6321910.742,0,38
39,ww-12,,,Foot Patrol,,,,,Sgt.,,0269998888,,,,,,,,FIFA World Cup 2026™ - overflow even... 2026-6-11,ww-12 FIFA World Cup 2026™ - overflow even... 2026-6-11,,2026-04-29 8:22:20,gvanmaren_3dgis,2026-04-29 8:22:20,gvanmaren_3dgis,2026-06-11 17:02:00,2026-06-11 17:03:00,11/06/2026 5:02:00 PM,11/06/2026 5:03:00 PM,4.684360504,4.289513099,-13704235.9,6321843.66,-13704235.9,6321843.66,0,39
40,okm-98,,,Foot Patrol,,,,,Lt.,,,,,,,,,,FIFA World Cup 2026™ - overflow even... 2026-6-11,okm-98 FIFA World Cup 2026™ - overflow even... 2026-6-11,,2026-04-29 8:23:20,gvanmaren_3dgis,2026-04-29 8:23:20,gvanmaren_3dgis,2026-06-11 17:02:00,2026-06-11 17:03:00,11/06/2026 5:02:00 PM,11/06/2026 5:03:00 PM,4.928792953,4.928793111,-13704356.27,6321861.055,-13704356.27,6321861.055,0,40
41,evm-99,,,Foot Patrol,,,,,Off.,Sascha Gabor,022563214,,,,,,,,FIFA World Cup 2026™ - overflow even... 2026-6-11,evm-99 FIFA World Cup 2026™ - overflow even... 2026-6-11,,2026-04-29 8:24:12,gvanmaren_3dgis,2026-04-29 8:29:46,gvanmaren_3dgis,2026-06-11 17:02:00,2026-06-11 17:03:00,11/06/2026 5:02:00 PM,11/06/2026 5:03:00 PM,4.191029072,4.191029178,-13704278.77,6321903.316,-13704278.77,6321903.316,0,41
42,rr-56,,,Foot Patrol,,,,,Cpl.,,,,,,,,,,FIFA World Cup 2026™ - overflow even... 2026-6-11,rr-56 FIFA World Cup 2026™ - overflow even... 2026-6-11,,2026-04-29 8:24:44,gvanmaren_3dgis,2026-04-29 8:24:44,gvanmaren_3dgis,2026-06-11 17:02:00,2026-06-11 17:03:00,11/06/2026 5:02:00 PM,11/06/2026 5:03:00 PM,4.004535198,4.063602448,-13704199.99,6321842.45,-13704199.99,6321842.45,0,42
43,emt-34,,,Paramedic,Medics,,,,Off.,Henry Collins,045666333,,,,,,,,FIFA World Cup 2026™ - overflow even... 2026-6-11,emt-34 FIFA World Cup 2026™ - overflow even... 2026-6-11,,2026-04-29 8:25:35,gvanmaren_3dgis,2026-04-29 8:28:15,gvanmaren_3dgis,2026-06-11 17:02:00,2026-06-11 17:03:00,11/06/2026 5:02:00 PM,11/06/2026 5:03:00 PM,4.323612213,4.323612213,-13704522.48,6321856.06,-13704522.48,6321856.06,0,43
44,was-78,,,Paramedic,,,,,Maj.,,,,,,,,,,FIFA World Cup 2026™ - overflow even... 2026-6-11,was-78 FIFA World Cup 2026™ - overflow even... 2026-6-11,,2026-04-29 8:26:07,gvanmaren_3dgis,2026-04-29 8:26:07,gvanmaren_3dgis,2026-06-11 17:02:00,2026-06-11 17:03:00,11/06/2026 5:02:00 PM,11/06/2026 5:03:00 PM,4.323612213,4.452484808,-13704443.79,6321913.437,-13704443.79,6321913.437,0,44
45,gh-78,Carrall St,,Command Post,,,,,,Kurt Curtis,088569548,,,,,,,,FIFA World Cup 2026™ - overflow even... 2026-6-11,gh-78 FIFA World Cup 2026™ - overflow even... 2026-6-11,,2026-04-29 8:27:03,gvanmaren_3dgis,2026-04-29 8:30:17,gvanmaren_3dgis,2026-06-11 17:02:00,2026-06-11 17:03:00,11/06/2026 5:02:00 PM,11/06/2026 5:03:00 PM,4.829718113,4.829718113,-13704149.54,6321987.082,-13704149.54,6321987.082,0,45
46,gvm-10,,,Traffic Control,,,,,Cpl.,Gert Van Maren,0765555510,gvanmaren@esri.com,,,,Paraglider pilot,,,FIFA World Cup 2026™ - overflow even... 2026-6-11,gvm-10 FIFA World Cup 2026™ - overflow even... 2026-6-11,,2026-04-29 8:19:00,gvanmaren_3dgis,2026-04-29 8:19:00,6321856.0237,2026-06-11 17:03:00,2026-06-11 17:04:00,11/06/2026 5:03:00 PM,11/06/2026 5:04:00 PM,4.595128059,4.595128056,-13704250.9,6321856.024,-13704250.9,6321856.024,-3.575,46
47,ns-10,,,Traffic Control,,,,,Cpl.,Dude,079333222,,,,,Motor rider,,,FIFA World Cup 2026™ - overflow even... 2026-6-11,ns-10 FIFA World Cup 2026™ - overflow even... 2026-6-11,Off post,2026-04-29 8:20:03,gvanmaren_3dgis,2026-04-29 8:21:29,6321920.6248,2026-06-11 17:03:00,2026-06-11 17:04:00,11/06/2026 5:03:00 PM,11/06/2026 5:04:00 PM,4.461204052,4.461204052,-13704415.06,6321920.625,-13704415.06,6321920.625,0,47
48,ww-12,,,Foot Patrol,,,,,Sgt.,,0269998888,,,,,,,,FIFA World Cup 2026™ - overflow even... 2026-6-11,ww-12 FIFA World Cup 2026™ - overflow even... 2026-6-11,,2026-04-29 8:22:20,gvanmaren_3dgis,2026-04-29 8:22:20,6321843.6598,2026-06-11 17:03:00,2026-06-11 17:04:00,11/06/2026 5:03:00 PM,11/06/2026 5:04:00 PM,4.684360504,4.684360581,-13704218.76,6321843.66,-13704218.76,6321843.66,0,48
49,okm-98,,,Foot Patrol,,,,,Lt.,,,,,,,,,,FIFA World Cup 2026™ - overflow even... 2026-6-11,okm-98 FIFA World Cup 2026™ - overflow even... 2026-6-11,,2026-04-29 8:23:20,gvanmaren_3dgis,2026-04-29 8:23:20,6321865.8948,2026-06-11 17:03:00,2026-06-11 17:04:00,11/06/2026 5:03:00 PM,11/06/2026 5:04:00 PM,4.928792953,4.928793111,-13704342.04,6321865.895,-13704342.04,6321865.895,0,49
50,evm-99,,,Foot Patrol,,,,,Off.,Sascha Gabor,022563214,,,,,,,,FIFA World Cup 2026™ - overflow even... 2026-6-11,evm-99 FIFA World Cup 2026™ - overflow even... 2026-6-11,,2026-04-29 8:24:12,gvanmaren_3dgis,2026-04-29 8:29:46,6321875.5166,2026-06-11 17:03:00,2026-06-11 17:04:00,11/06/2026 5:03:00 PM,11/06/2026 5:04:00 PM,4.191029072,4.191029178,-13704265.96,6321875.517,-13704265.96,6321875.517,0,50
51,rr-56,,,Foot Patrol,,,,,Cpl.,,,,,,,,,,FIFA World Cup 2026™ - overflow even... 2026-6-11,rr-56 FIFA World Cup 2026™ - overflow even... 2026-6-11,,2026-04-29 8:24:44,gvanmaren_3dgis,2026-04-29 8:24:44,6321842.4504,2026-06-11 17:03:00,2026-06-11 17:04:00,11/06/2026 5:03:00 PM,11/06/2026 5:04:00 PM,4.004535198,4.004535064,-13704199.99,6321842.45,-13704199.99,6321842.45,0,51
52,emt-34,,,Paramedic,Medics,,,,Off.,Henry Collins,045666333,,,,,,,,FIFA World Cup 2026™ - overflow even... 2026-6-11,emt-34 FIFA World Cup 2026™ - overflow even... 2026-6-11,,2026-04-29 8:25:35,gvanmaren_3dgis,2026-04-29 8:28:15,6321856.0598,2026-06-11 17:03:00,2026-06-11 17:04:00,11/06/2026 5:03:00 PM,11/06/2026 5:04:00 PM,4.323612213,4.323612213,-13704522.48,6321856.06,-13704522.48,6321856.06,0,52
53,was-78,,,Paramedic,,,,,Maj.,,,,,,,,,,FIFA World Cup 2026™ - overflow even... 2026-6-11,was-78 FIFA World Cup 2026™ - overflow even... 2026-6-11,,2026-04-29 8:26:07,gvanmaren_3dgis,2026-04-29 8:26:07,6321930.4065,2026-06-11 17:03:00,2026-06-11 17:04:00,11/06/2026 5:03:00 PM,11/06/2026 5:04:00 PM,4.323612213,4.323612213,-13704340.61,6321930.407,-13704340.61,6321930.407,0,53
54,gh-78,Carrall St,,Command Post,,,,,,Kurt Curtis,088569548,,,,,,,,FIFA World Cup 2026™ - overflow even... 2026-6-11,gh-78 FIFA World Cup 2026™ - overflow even... 2026-6-11,,2026-04-29 8:27:03,gvanmaren_3dgis,2026-04-29 8:30:17,6321987.0818,2026-06-11 17:03:00,2026-06-11 17:04:00,11/06/2026 5:03:00 PM,11/06/2026 5:04:00 PM,4.829718113,4.829718113,-13704149.54,6321987.082,-13704149.54,6321987.082,0,54
55,gvm-10,,,Traffic Control,,,,,Cpl.,Gert Van Maren,0765555510,gvanmaren@esri.com,,,,Paraglider pilot,,,FIFA World Cup 2026™ - overflow even... 2026-6-11,gvm-10 FIFA World Cup 2026™ - overflow even... 2026-6-11,,2026-04-29 8:19:00,gvanmaren_3dgis,2026-04-29 8:19:00,gvanmaren_3dgis,2026-06-11 17:04:00,2026-06-11 17:05:00,11/06/2026 5:04:00 PM,11/06/2026 5:05:00 PM,4.069633484,4.069633484,-13704198.55,6321850.257,-13704198.55,6321850.257,0,55
56,ns-10,,,Traffic Control,,,,,Cpl.,Dude,079333222,,,,,Motor rider,,,FIFA World Cup 2026™ - overflow even... 2026-6-11,ns-10 FIFA World Cup 2026™ - overflow even... 2026-6-11,Off post,2026-04-29 8:20:03,gvanmaren_3dgis,2026-04-29 8:21:29,gvanmaren_3dgis,2026-06-11 17:04:00,2026-06-11 17:05:00,11/06/2026 5:04:00 PM,11/06/2026 5:05:00 PM,4.461204052,4.461204052,-13704463.9,6321910.742,-13704463.9,6321910.742,0,56
57,ww-12,,,Foot Patrol,,,,,Sgt.,,0269998888,,,,,,,,FIFA World Cup 2026™ - overflow even... 2026-6-11,ww-12 FIFA World Cup 2026™ - overflow even... 2026-6-11,,2026-04-29 8:22:20,gvanmaren_3dgis,2026-04-29 8:22:20,gvanmaren_3dgis,2026-06-11 17:04:00,2026-06-11 17:05:00,11/06/2026 5:04:00 PM,11/06/2026 5:05:00 PM,4.135970116,4.135970116,-13704208.23,6321839.956,-13704208.23,6321839.956,0,57
58,okm-98,,,Foot Patrol,,,,,Lt.,,,,,,,,,,FIFA World Cup 2026™ - overflow even... 2026-6-11,okm-98 FIFA World Cup 2026™ - overflow even... 2026-6-11,,2026-04-29 8:23:20,gvanmaren_3dgis,2026-04-29 8:23:20,gvanmaren_3dgis,2026-06-11 17:04:00,2026-06-11 17:05:00,11/06/2026 5:04:00 PM,11/06/2026 5:05:00 PM,4.928792953,4.928793111,-13704284.82,6321845.815,-13704284.82,6321845.815,0,58
59,evm-99,,,Foot Patrol,,,,,Off.,Sascha Gabor,022563214,,,,,,,,FIFA World Cup 2026™ - overflow even... 2026-6-11,evm-99 FIFA World Cup 2026™ - overflow even... 2026-6-11,,2026-04-29 8:24:12,gvanmaren_3dgis,2026-04-29 8:29:46,gvanmaren_3dgis,2026-06-11 17:04:00,2026-06-11 17:05:00,11/06/2026 5:04:00 PM,11/06/2026 5:05:00 PM,4.191029072,4.191029178,-13704278.77,6321903.316,-13704278.77,6321903.316,0,59
60,rr-56,,,Foot Patrol,,,,,Cpl.,,,,,,,,,,FIFA World Cup 2026™ - overflow even... 2026-6-11,rr-56 FIFA World Cup 2026™ - overflow even... 2026-6-11,,2026-04-29 8:24:44,gvanmaren_3dgis,2026-04-29 8:24:44,gvanmaren_3dgis,2026-06-11 17:04:00,2026-06-11 17:05:00,11/06/2026 5:04:00 PM,11/06/2026 5:05:00 PM,4.063602448,4.063602448,-13704199.99,6321842.45,-13704199.99,6321842.45,0,60
61,emt-34,,,Paramedic,Medics,,,,Off.,Henry Collins,045666333,,,,,,,,FIFA World Cup 2026™ - overflow even... 2026-6-11,emt-34 FIFA World Cup 2026™ - overflow even... 2026-6-11,,2026-04-29 8:25:35,gvanmaren_3dgis,2026-04-29 8:28:15,gvanmaren_3dgis,2026-06-11 17:04:00,2026-06-11 17:05:00,11/06/2026 5:04:00 PM,11/06/2026 5:05:00 PM,4.323612213,4.323612213,-13704522.48,6321856.06,-13704522.48,6321856.06,0,61
62,was-78,,,Paramedic,,,,,Maj.,,,,,,,,,,FIFA World Cup 2026™ - overflow even... 2026-6-11,was-78 FIFA World Cup 2026™ - overflow even... 2026-6-11,,2026-04-29 8:26:07,gvanmaren_3dgis,2026-04-29 8:26:07,gvanmaren_3dgis,2026-06-11 17:04:00,2026-06-11 17:05:00,11/06/2026 5:04:00 PM,11/06/2026 5:05:00 PM,4.554600239,4.554600239,-13704284.28,6321865.449,-13704284.28,6321865.449,0,62
63,gh-78,Carrall St,,Command Post,,,,,,Kurt Curtis,088569548,,,,,,,,FIFA World Cup 2026™ - overflow even... 2026-6-11,gh-78 FIFA World Cup 2026™ - overflow even... 2026-6-11,,2026-04-29 8:27:03,gvanmaren_3dgis,2026-04-29 8:30:17,gvanmaren_3dgis,2026-06-11 17:04:00,2026-06-11 17:05:00,11/06/2026 5:04:00 PM,11/06/2026 5:05:00 PM,4.829718113,4.829718113,-13704149.54,6321987.082,-13704149.54,6321987.082,0,63
64,gvm-10,,,Traffic Control,,,,,Cpl.,Gert Van Maren,0765555510,gvanmaren@esri.com,,,,Paraglider pilot,,,FIFA World Cup 2026™ - overflow even... 2026-6-11,gvm-10 FIFA World Cup 2026™ - overflow even... 2026-6-11,,2026-04-29 8:19:00,gvanmaren_3dgis,2026-04-29 8:19:00,gvanmaren_3dgis,2026-06-11 17:05:00,2026-06-11 17:06:00,11/06/2026 5:05:00 PM,11/06/2026 5:06:00 PM,4.069633484,4.069633484,-13704196.7,6321850.053,-13704196.7,6321850.053,0,64
65,ns-10,,,Traffic Control,,,,,Cpl.,Dude,079333222,,,,,Motor rider,,,FIFA World Cup 2026™ - overflow even... 2026-6-11,ns-10 FIFA World Cup 2026™ - overflow even... 2026-6-11,Off post,2026-04-29 8:20:03,gvanmaren_3dgis,2026-04-29 8:21:29,gvanmaren_3dgis,2026-06-11 17:05:00,2026-06-11 17:06:00,11/06/2026 5:05:00 PM,11/06/2026 5:06:00 PM,4.461204052,4.461204052,-13704463.9,6321910.742,-13704463.9,6321910.742,0,65
66,ww-12,,,Foot Patrol,,,,,Sgt.,,0269998888,,,,,,,,FIFA World Cup 2026™ - overflow even... 2026-6-11,ww-12 FIFA World Cup 2026™ - overflow even... 2026-6-11,,2026-04-29 8:22:20,gvanmaren_3dgis,2026-04-29 8:22:20,gvanmaren_3dgis,2026-06-11 17:05:00,2026-06-11 17:06:00,11/06/2026 5:05:00 PM,11/06/2026 5:06:00 PM,4.135970116,4.135970116,-13704206.65,6321838.95,-13704206.65,6321838.95,0,66
67,okm-98,,,Foot Patrol,,,,,Lt.,,,,,,,,,,FIFA World Cup 2026™ - overflow even... 2026-6-11,okm-98 FIFA World Cup 2026™ - overflow even... 2026-6-11,,2026-04-29 8:23:20,gvanmaren_3dgis,2026-04-29 8:23:20,gvanmaren_3dgis,2026-06-11 17:05:00,2026-06-11 17:06:00,11/06/2026 5:05:00 PM,11/06/2026 5:06:00 PM,4.928792953,4.928793111,-13704229,6321840.353,-13704229,6321840.353,0,67
68,evm-99,,,Foot Patrol,,,,,Off.,Sascha Gabor,022563214,,,,,,,,FIFA World Cup 2026™ - overflow even... 2026-6-11,evm-99 FIFA World Cup 2026™ - overflow even... 2026-6-11,,2026-04-29 8:24:12,gvanmaren_3dgis,2026-04-29 8:29:46,gvanmaren_3dgis,2026-06-11 17:05:00,2026-06-11 17:06:00,11/06/2026 5:05:00 PM,11/06/2026 5:06:00 PM,4.191029072,4.191029178,-13704278.77,6321903.316,-13704278.77,6321903.316,0,68
69,rr-56,,,Foot Patrol,,,,,Cpl.,,,,,,,,,,FIFA World Cup 2026™ - overflow even... 2026-6-11,rr-56 FIFA World Cup 2026™ - overflow even... 2026-6-11,,2026-04-29 8:24:44,gvanmaren_3dgis,2026-04-29 8:24:44,gvanmaren_3dgis,2026-06-11 17:05:00,2026-06-11 17:06:00,11/06/2026 5:05:00 PM,11/06/2026 5:06:00 PM,4.063602448,4.063602448,-13704199.99,6321842.45,-13704199.99,6321842.45,0,69
70,emt-34,,,Paramedic,Medics,,,,Off.,Henry Collins,045666333,,,,,,,,FIFA World Cup 2026™ - overflow even... 2026-6-11,emt-34 FIFA World Cup 2026™ - overflow even... 2026-6-11,,2026-04-29 8:25:35,gvanmaren_3dgis,2026-04-29 8:28:15,gvanmaren_3dgis,2026-06-11 17:05:00,2026-06-11 17:06:00,11/06/2026 5:05:00 PM,11/06/2026 5:06:00 PM,4.323612213,4.323612213,-13704522.48,6321856.06,-13704522.48,6321856.06,0,70
71,was-78,,,Paramedic,,,,,Maj.,,,,,,,,,,FIFA World Cup 2026™ - overflow even... 2026-6-11,was-78 FIFA World Cup 2026™ - overflow even... 2026-6-11,,2026-04-29 8:26:07,gvanmaren_3dgis,2026-04-29 8:26:07,gvanmaren_3dgis,2026-06-11 17:05:00,2026-06-11 17:06:00,11/06/2026 5:05:00 PM,11/06/2026 5:06:00 PM,4.554600239,4.554600239,-13704202.53,6321846.744,-13704202.53,6321846.744,0,71
72,gh-78,Carrall St,,Command Post,,,,,,Kurt Curtis,088569548,,,,,,,,FIFA World Cup 2026™ - overflow even... 2026-6-11,gh-78 FIFA World Cup 2026™ - overflow even... 2026-6-11,,2026-04-29 8:27:03,gvanmaren_3dgis,2026-04-29 8:30:17,gvanmaren_3dgis,2026-06-11 17:05:00,2026-06-11 17:06:00,11/06/2026 5:05:00 PM,11/06/2026 5:06:00 PM,4.829718113,4.829718113,-13704149.54,6321987.082,-13704149.54,6321987.082,0,72
73,gvm-10,,,Traffic Control,,,,,Cpl.,Gert Van Maren,0765555510,gvanmaren@esri.com,,,,Paraglider pilot,,,FIFA World Cup 2026™ - overflow even... 2026-6-11,gvm-10 FIFA World Cup 2026™ - overflow even... 2026-6-11,,2026-04-29 8:19:00,gvanmaren_3dgis,2026-04-29 8:19:00,gvanmaren_3dgis,2026-06-11 17:06:00,2026-06-11 17:07:00,11/06/2026 5:06:00 PM,11/06/2026 5:07:00 PM,4.069633484,4.069633484,-13704199.37,6321851.894,-13704199.37,6321851.894,0,73
74,ns-10,,,Traffic Control,,,,,Cpl.,Dude,079333222,,,,,Motor rider,,,FIFA World Cup 2026™ - overflow even... 2026-6-11,ns-10 FIFA World Cup 2026™ - overflow even... 2026-6-11,Off post,2026-04-29 8:20:03,gvanmaren_3dgis,2026-04-29 8:21:29,gvanmaren_3dgis,2026-06-11 17:06:00,2026-06-11 17:07:00,11/06/2026 5:06:00 PM,11/06/2026 5:07:00 PM,4.461204052,4.461204052,-13704463.9,6321910.742,-13704463.9,6321910.742,0,74
75,ww-12,,,Foot Patrol,,,,,Sgt.,,0269998888,,,,,,,,FIFA World Cup 2026™ - overflow even... 2026-6-11,ww-12 FIFA World Cup 2026™ - overflow even... 2026-6-11,,2026-04-29 8:22:20,gvanmaren_3dgis,2026-04-29 8:22:20,gvanmaren_3dgis,2026-06-11 17:06:00,2026-06-11 17:07:00,11/06/2026 5:06:00 PM,11/06/2026 5:07:00 PM,4.135970116,4.135970116,-13704206.92,6321839.881,-13704206.92,6321839.881,0,75
76,okm-98,,,Foot Patrol,,,,,Lt.,,,,,,,,,,FIFA World Cup 2026™ - overflow even... 2026-6-11,okm-98 FIFA World Cup 2026™ - overflow even... 2026-6-11,,2026-04-29 8:23:20,gvanmaren_3dgis,2026-04-29 8:23:20,gvanmaren_3dgis,2026-06-11 17:06:00,2026-06-11 17:07:00,11/06/2026 5:06:00 PM,11/06/2026 5:07:00 PM,4.928792953,4.928793111,-13704207.36,6321847.309,-13704207.36,6321847.309,0,76
77,evm-99,,,Foot Patrol,,,,,Off.,Sascha Gabor,022563214,,,,,,,,FIFA World Cup 2026™ - overflow even... 2026-6-11,evm-99 FIFA World Cup 2026™ - overflow even... 2026-6-11,,2026-04-29 8:24:12,gvanmaren_3dgis,2026-04-29 8:29:46,gvanmaren_3dgis,2026-06-11 17:06:00,2026-06-11 17:07:00,11/06/2026 5:06:00 PM,11/06/2026 5:07:00 PM,4.191029072,4.191029178,-13704278.77,6321903.316,-13704278.77,6321903.316,0,77
78,rr-56,,,Foot Patrol,,,,,Cpl.,,,,,,,,,,FIFA World Cup 2026™ - overflow even... 2026-6-11,rr-56 FIFA World Cup 2026™ - overflow even... 2026-6-11,,2026-04-29 8:24:44,gvanmaren_3dgis,2026-04-29 8:24:44,gvanmaren_3dgis,2026-06-11 17:06:00,2026-06-11 17:07:00,11/06/2026 5:06:00 PM,11/06/2026 5:07:00 PM,4.063602448,4.063602448,-13704199.99,6321842.45,-13704199.99,6321842.45,0,78
79,emt-34,,,Paramedic,Medics,,,,Off.,Henry Collins,045666333,,,,,,,,FIFA World Cup 2026™ - overflow even... 2026-6-11,emt-34 FIFA World Cup 2026™ - overflow even... 2026-6-11,,2026-04-29 8:25:35,gvanmaren_3dgis,2026-04-29 8:28:15,gvanmaren_3dgis,2026-06-11 17:06:00,2026-06-11 17:07:00,11/06/2026 5:06:00 PM,11/06/2026 5:07:00 PM,4.323612213,4.323612213,-13704522.48,6321856.06,-13704522.48,6321856.06,0,79
80,was-78,,,Paramedic,,,,,Maj.,,,,,,,,,,FIFA World Cup 2026™ - overflow even... 2026-6-11,was-78 FIFA World Cup 2026™ - overflow even... 2026-6-11,,2026-04-29 8:26:07,gvanmaren_3dgis,2026-04-29 8:26:07,gvanmaren_3dgis,2026-06-11 17:06:00,2026-06-11 17:07:00,11/06/2026 5:06:00 PM,11/06/2026 5:07:00 PM,4.554600239,4.554600239,-13704202.09,6321846.63,-13704202.09,6321846.63,0,80
81,gh-78,Carrall St,,Command Post,,,,,,Kurt Curtis,088569548,,,,,,,,FIFA World Cup 2026™ - overflow even... 2026-6-11,gh-78 FIFA World Cup 2026™ - overflow even... 2026-6-11,,2026-04-29 8:27:03,gvanmaren_3dgis,2026-04-29 8:30:17,gvanmaren_3dgis,2026-06-11 17:06:00,2026-06-11 17:07:00,11/06/2026 5:06:00 PM,11/06/2026 5:07:00 PM,4.829718113,4.829718113,-13704149.54,6321987.082,-13704149.54,6321987.082,0,81
82,gvm-10,,,Traffic Control,,,,,Cpl.,Gert Van Maren,0765555510,gvanmaren@esri.com,,,,Paraglider pilot,,,FIFA World Cup 2026™ - overflow even... 2026-6-11,gvm-10 FIFA World Cup 2026™ - overflow even... 2026-6-11,,2026-04-29 8:19:00,gvanmaren_3dgis,2026-04-29 8:19:00,gvanmaren_3dgis,2026-06-11 17:07:00,2026-06-11 17:08:00,11/06/2026 5:07:00 PM,11/06/2026 5:08:00 PM,4.069633484,4.069633484,-13704274.13,6321869.421,-13704274.13,6321869.421,0,82
83,ns-10,,,Traffic Control,,,,,Cpl.,Dude,079333222,,,,,Motor rider,,,FIFA World Cup 2026™ - overflow even... 2026-6-11,ns-10 FIFA World Cup 2026™ - overflow even... 2026-6-11,Off post,2026-04-29 8:20:03,gvanmaren_3dgis,2026-04-29 8:21:29,gvanmaren_3dgis,2026-06-11 17:07:00,2026-06-11 17:08:00,11/06/2026 5:07:00 PM,11/06/2026 5:08:00 PM,4.461204052,4.461204052,-13704463.9,6321910.742,-13704463.9,6321910.742,0,83
84,ww-12,,,Foot Patrol,,,,,Sgt.,,0269998888,,,,,,,,FIFA World Cup 2026™ - overflow even... 2026-6-11,ww-12 FIFA World Cup 2026™ - overflow even... 2026-6-11,,2026-04-29 8:22:20,gvanmaren_3dgis,2026-04-29 8:22:20,gvanmaren_3dgis,2026-06-11 17:07:00,2026-06-11 17:08:00,11/06/2026 5:07:00 PM,11/06/2026 5:08:00 PM,4.135970116,4.135970116,-13704267.79,6321856.755,-13704267.79,6321856.755,0,84
85,okm-98,,,Foot Patrol,,,,,Lt.,,,,,,,,,,FIFA World Cup 2026™ - overflow even... 2026-6-11,okm-98 FIFA World Cup 2026™ - overflow even... 2026-6-11,,2026-04-29 8:23:20,gvanmaren_3dgis,2026-04-29 8:23:20,gvanmaren_3dgis,2026-06-11 17:07:00,2026-06-11 17:08:00,11/06/2026 5:07:00 PM,11/06/2026 5:08:00 PM,4.928792953,4.928793111,-13704220.23,6321844.091,-13704220.23,6321844.091,0,85
86,evm-99,,,Foot Patrol,,,,,Off.,Sascha Gabor,022563214,,,,,,,,FIFA World Cup 2026™ - overflow even... 2026-6-11,evm-99 FIFA World Cup 2026™ - overflow even... 2026-6-11,,2026-04-29 8:24:12,gvanmaren_3dgis,2026-04-29 8:29:46,gvanmaren_3dgis,2026-06-11 17:07:00,2026-06-11 17:08:00,11/06/2026 5:07:00 PM,11/06/2026 5:08:00 PM,4.191029072,4.191029178,-13704278.77,6321903.316,-13704278.77,6321903.316,0,86
87,rr-56,,,Foot Patrol,,,,,Cpl.,,,,,,,,,,FIFA World Cup 2026™ - overflow even... 2026-6-11,rr-56 FIFA World Cup 2026™ - overflow even... 2026-6-11,,2026-04-29 8:24:44,gvanmaren_3dgis,2026-04-29 8:24:44,gvanmaren_3dgis,2026-06-11 17:07:00,2026-06-11 17:08:00,11/06/2026 5:07:00 PM,11/06/2026 5:08:00 PM,4.063602448,4.063602448,-13704201.25,6321842.45,-13704201.25,6321842.45,0,87
88,emt-34,,,Paramedic,Medics,,,,Off.,Henry Collins,045666333,,,,,,,,FIFA World Cup 2026™ - overflow even... 2026-6-11,emt-34 FIFA World Cup 2026™ - overflow even... 2026-6-11,,2026-04-29 8:25:35,gvanmaren_3dgis,2026-04-29 8:28:15,gvanmaren_3dgis,2026-06-11 17:07:00,2026-06-11 17:08:00,11/06/2026 5:07:00 PM,11/06/2026 5:08:00 PM,4.323612213,4.323612213,-13704522.48,6321856.06,-13704522.48,6321856.06,0,88
89,was-78,,,Paramedic,,,,,Maj.,,,,,,,,,,FIFA World Cup 2026™ - overflow even... 2026-6-11,was-78 FIFA World Cup 2026™ - overflow even... 2026-6-11,,2026-04-29 8:26:07,gvanmaren_3dgis,2026-04-29 8:26:07,gvanmaren_3dgis,2026-06-11 17:07:00,2026-06-11 17:08:00,11/06/2026 5:07:00 PM,11/06/2026 5:08:00 PM,4.554600239,4.554600239,-13704264.3,6321863.606,-13704264.3,6321863.606,0,89
90,gh-78,Carrall St,,Command Post,,,,,,Kurt Curtis,088569548,,,,,,,,FIFA World Cup 2026™ - overflow even... 2026-6-11,gh-78 FIFA World Cup 2026™ - overflow even... 2026-6-11,,2026-04-29 8:27:03,gvanmaren_3dgis,2026-04-29 8:30:17,gvanmaren_3dgis,2026-06-11 17:07:00,2026-06-11 17:08:00,11/06/2026 5:07:00 PM,11/06/2026 5:08:00 PM,4.829718113,4.829718113,-13704149.54,6321987.082,-13704149.54,6321987.082,0,90
91,gvm-10,,,Traffic Control,,,,,Cpl.,Gert Van Maren,0765555510,gvanmaren@esri.com,,,,Paraglider pilot,,,FIFA World Cup 2026™ - overflow even... 2026-6-11,gvm-10 FIFA World Cup 2026™ - overflow even... 2026-6-11,,2026-04-29 8:19:00,gvanmaren_3dgis,2026-04-29 8:19:00,gvanmaren_3dgis,2026-06-11 17:08:00,2026-06-11 17:09:00,11/06/2026 5:08:00 PM,11/06/2026 5:09:00 PM,4.069633484,4.069633484,-13704325.91,6321911.318,-13704325.91,6321911.318,0,91
92,ns-10,,,Traffic Control,,,,,Cpl.,Dude,079333222,,,,,Motor rider,,,FIFA World Cup 2026™ - overflow even... 2026-6-11,ns-10 FIFA World Cup 2026™ - overflow even... 2026-6-11,Off post,2026-04-29 8:20:03,gvanmaren_3dgis,2026-04-29 8:21:29,gvanmaren_3dgis,2026-06-11 17:08:00,2026-06-11 17:09:00,11/06/2026 5:08:00 PM,11/06/2026 5:09:00 PM,4.461204052,4.461204052,-13704463.9,6321910.742,-13704463.9,6321910.742,0,92
93,ww-12,,,Foot Patrol,,,,,Sgt.,,0269998888,,,,,,,,FIFA World Cup 2026™ - overflow even... 2026-6-11,ww-12 FIFA World Cup 2026™ - overflow even... 2026-6-11,,2026-04-29 8:22:20,gvanmaren_3dgis,2026-04-29 8:22:20,gvanmaren_3dgis,2026-06-11 17:08:00,2026-06-11 17:09:00,11/06/2026 5:08:00 PM,11/06/2026 5:09:00 PM,4.135970116,4.135970116,-13704319.58,6321898.652,-13704319.58,6321898.652,0,93
94,okm-98,,,Foot Patrol,,,,,Lt.,,,,,,,,,,FIFA World Cup 2026™ - overflow even... 2026-6-11,okm-98 FIFA World Cup 2026™ - overflow even... 2026-6-11,,2026-04-29 8:23:20,gvanmaren_3dgis,2026-04-29 8:23:20,gvanmaren_3dgis,2026-06-11 17:08:00,2026-06-11 17:09:00,11/06/2026 5:08:00 PM,11/06/2026 5:09:00 PM,4.928792953,4.928793111,-13704271.65,6321848.428,-13704271.65,6321848.428,0,94
95,evm-99,,,Foot Patrol,,,,,Off.,Sascha Gabor,022563214,,,,,,,,FIFA World Cup 2026™ - overflow even... 2026-6-11,evm-99 FIFA World Cup 2026™ - overflow even... 2026-6-11,,2026-04-29 8:24:12,gvanmaren_3dgis,2026-04-29 8:29:46,gvanmaren_3dgis,2026-06-11 17:08:00,2026-06-11 17:09:00,11/06/2026 5:08:00 PM,11/06/2026 5:09:00 PM,4.191029072,4.191029178,-13704278.77,6321903.316,-13704278.77,6321903.316,0,95
96,rr-56,,,Foot Patrol,,,,,Cpl.,,,,,,,,,,FIFA World Cup 2026™ - overflow even... 2026-6-11,rr-56 FIFA World Cup 2026™ - overflow even... 2026-6-11,,2026-04-29 8:24:44,gvanmaren_3dgis,2026-04-29 8:24:44,gvanmaren_3dgis,2026-06-11 17:08:00,2026-06-11 17:09:00,11/06/2026 5:08:00 PM,11/06/2026 5:09:00 PM,4.063602448,4.063602448,-13704201.25,6321842.45,-13704201.25,6321842.45,0,96
97,emt-34,,,Paramedic,Medics,,,,Off.,Henry Collins,045666333,,,,,,,,FIFA World Cup 2026™ - overflow even... 2026-6-11,emt-34 FIFA World Cup 2026™ - overflow even... 2026-6-11,,2026-04-29 8:25:35,gvanmaren_3dgis,2026-04-29 8:28:15,gvanmaren_3dgis,2026-06-11 17:08:00,2026-06-11 17:09:00,11/06/2026 5:08:00 PM,11/06/2026 5:09:00 PM,4.323612213,4.323612213,-13704522.48,6321856.06,-13704522.48,6321856.06,0,97
98,was-78,,,Paramedic,,,,,Maj.,,,,,,,,,,FIFA World Cup 2026™ - overflow even... 2026-6-11,was-78 FIFA World Cup 2026™ - overflow even... 2026-6-11,,2026-04-29 8:26:07,gvanmaren_3dgis,2026-04-29 8:26:07,gvanmaren_3dgis,2026-06-11 17:08:00,2026-06-11 17:09:00,11/06/2026 5:08:00 PM,11/06/2026 5:09:00 PM,4.554600239,4.554600239,-13704316.08,6321905.503,-13704316.08,6321905.503,0,98
99,gh-78,Carrall St,,Command Post,,,,,,Kurt Curtis,088569548,,,,,,,,FIFA World Cup 2026™ - overflow even... 2026-6-11,gh-78 FIFA World Cup 2026™ - overflow even... 2026-6-11,,2026-04-29 8:27:03,gvanmaren_3dgis,2026-04-29 8:30:17,gvanmaren_3dgis,2026-06-11 17:08:00,2026-06-11 17:09:00,11/06/2026 5:08:00 PM,11/06/2026 5:09:00 PM,4.829718113,4.829718113,-13704149.54,6321987.082,-13704149.54,6321987.082,0,99
100,gvm-10,,,Traffic Control,,,,,Cpl.,Gert Van Maren,0765555510,gvanmaren@esri.com,,,,Paraglider pilot,,,FIFA World Cup 2026™ - overflow even... 2026-6-11,gvm-10 FIFA World Cup 2026™ - overflow even... 2026-6-11,,2026-04-29 8:19:00,gvanmaren_3dgis,2026-04-29 8:19:00,gvanmaren_3dgis,2026-06-11 17:09:00,2026-06-11 17:10:00,11/06/2026 5:09:00 PM,11/06/2026 5:10:00 PM,4.069633484,4.069633484,-13704424.8,6321935.066,-13704424.8,6321935.066,0,100
101,ns-10,,,Traffic Control,,,,,Cpl.,Dude,079333222,,,,,Motor rider,,,FIFA World Cup 2026™ - overflow even... 2026-6-11,ns-10 FIFA World Cup 2026™ - overflow even... 2026-6-11,Off post,2026-04-29 8:20:03,gvanmaren_3dgis,2026-04-29 8:21:29,gvanmaren_3dgis,2026-06-11 17:09:00,2026-06-11 17:10:00,11/06/2026 5:09:00 PM,11/06/2026 5:10:00 PM,4.461204052,4.461204052,-13704463.9,6321910.742,-13704463.9,6321910.742,0,101
102,ww-12,,,Foot Patrol,,,,,Sgt.,,0269998888,,,,,,,,FIFA World Cup 2026™ - overflow even... 2026-6-11,ww-12 FIFA World Cup 2026™ - overflow even... 2026-6-11,,2026-04-29 8:22:20,gvanmaren_3dgis,2026-04-29 8:22:20,gvanmaren_3dgis,2026-06-11 17:09:00,2026-06-11 17:10:00,11/06/2026 5:09:00 PM,11/06/2026 5:10:00 PM,4.135970116,4.135970116,-13704421.03,6321914.65,-13704421.03,6321914.65,0,102
103,okm-98,,,Foot Patrol,,,,,Lt.,,,,,,,,,,FIFA World Cup 2026™ - overflow even... 2026-6-11,okm-98 FIFA World Cup 2026™ - overflow even... 2026-6-11,,2026-04-29 8:23:20,gvanmaren_3dgis,2026-04-29 8:23:20,gvanmaren_3dgis,2026-06-11 17:09:00,2026-06-11 17:10:00,11/06/2026 5:09:00 PM,11/06/2026 5:10:00 PM,4.928792953,4.928793111,-13704317.94,6321856.105,-13704317.94,6321856.105,0,103
104,evm-99,,,Foot Patrol,,,,,Off.,Sascha Gabor,022563214,,,,,,,,FIFA World Cup 2026™ - overflow even... 2026-6-11,evm-99 FIFA World Cup 2026™ - overflow even... 2026-6-11,,2026-04-29 8:24:12,gvanmaren_3dgis,2026-04-29 8:29:46,gvanmaren_3dgis,2026-06-11 17:09:00,2026-06-11 17:10:00,11/06/2026 5:09:00 PM,11/06/2026 5:10:00 PM,4.191029072,4.191029178,-13704278.77,6321903.316,-13704278.77,6321903.316,0,104
105,rr-56,,,Foot Patrol,,,,,Cpl.,,,,,,,,,,FIFA World Cup 2026™ - overflow even... 2026-6-11,rr-56 FIFA World Cup 2026™ - overflow even... 2026-6-11,,2026-04-29 8:24:44,gvanmaren_3dgis,2026-04-29 8:24:44,gvanmaren_3dgis,2026-06-11 17:09:00,2026-06-11 17:10:00,11/06/2026 5:09:00 PM,11/06/2026 5:10:00 PM,4.063602448,4.063602448,-13704201.25,6321842.45,-13704201.25,6321842.45,0,105
106,emt-34,,,Paramedic,Medics,,,,Off.,Henry Collins,045666333,,,,,,,,FIFA World Cup 2026™ - overflow even... 2026-6-11,emt-34 FIFA World Cup 2026™ - overflow even... 2026-6-11,,2026-04-29 8:25:35,gvanmaren_3dgis,2026-04-29 8:28:15,gvanmaren_3dgis,2026-06-11 17:09:00,2026-06-11 17:10:00,11/06/2026 5:09:00 PM,11/06/2026 5:10:00 PM,4.323612213,4.323612213,-13704522.48,6321856.06,-13704522.48,6321856.06,0,106
107,was-78,,,Paramedic,,,,,Maj.,,,,,,,,,,FIFA World Cup 2026™ - overflow even... 2026-6-11,was-78 FIFA World Cup 2026™ - overflow even... 2026-6-11,,2026-04-29 8:26:07,gvanmaren_3dgis,2026-04-29 8:26:07,gvanmaren_3dgis,2026-06-11 17:09:00,2026-06-11 17:10:00,11/06/2026 5:09:00 PM,11/06/2026 5:10:00 PM,4.554600239,4.554600239,-13704420.56,6321926.735,-13704420.56,6321926.735,0,107
108,gh-78,Carrall St,,Command Post,,,,,,Kurt Curtis,088569548,,,,,,,,FIFA World Cup 2026™ - overflow even... 2026-6-11,gh-78 FIFA World Cup 2026™ - overflow even... 2026-6-11,,2026-04-29 8:27:03,gvanmaren_3dgis,2026-04-29 8:30:17,gvanmaren_3dgis,2026-06-11 17:09:00,2026-06-11 17:10:00,11/06/2026 5:09:00 PM,11/06/2026 5:10:00 PM,4.829718113,4.829718113,-13704149.54,6321987.082,-13704149.54,6321987.082,0,108
109,gvm-10,,,Traffic Control,,,,,Cpl.,Gert Van Maren,0765555510,gvanmaren@esri.com,,,,Paraglider pilot,,,FIFA World Cup 2026™ - overflow even... 2026-6-11,gvm-10 FIFA World Cup 2026™ - overflow even... 2026-6-11,,2026-04-29 8:19:00,gvanmaren_3dgis,2026-04-29 8:19:00,gvanmaren_3dgis,2026-06-11 17:10:00,2026-06-11 17:11:00,11/06/2026 5:10:00 PM,11/06/2026 5:11:00 PM,4.069633484,4.069633484,-13704517.7,6321864.722,-13704517.7,6321864.722,0,109
110,ns-10,,,Traffic Control,,,,,Cpl.,Dude,079333222,,,,,Motor rider,,,FIFA World Cup 2026™ - overflow even... 2026-6-11,ns-10 FIFA World Cup 2026™ - overflow even... 2026-6-11,Off post,2026-04-29 8:20:03,gvanmaren_3dgis,2026-04-29 8:21:29,gvanmaren_3dgis,2026-06-11 17:10:00,2026-06-11 17:11:00,11/06/2026 5:10:00 PM,11/06/2026 5:11:00 PM,4.461204052,4.461204052,-13704463.9,6321910.742,-13704463.9,6321910.742,0,110
111,ww-12,,,Foot Patrol,,,,,Sgt.,,0269998888,,,,,,,,FIFA World Cup 2026™ - overflow even... 2026-6-11,ww-12 FIFA World Cup 2026™ - overflow even... 2026-6-11,,2026-04-29 8:22:20,gvanmaren_3dgis,2026-04-29 8:22:20,gvanmaren_3dgis,2026-06-11 17:10:00,2026-06-11 17:11:00,11/06/2026 5:10:00 PM,11/06/2026 5:11:00 PM,4.135970116,4.135970116,-13704511.36,6321852.056,-13704511.36,6321852.056,0,111
112,okm-98,,,Foot Patrol,,,,,Lt.,,,,,,,,,,FIFA World Cup 2026™ - overflow even... 2026-6-11,okm-98 FIFA World Cup 2026™ - overflow even... 2026-6-11,,2026-04-29 8:23:20,gvanmaren_3dgis,2026-04-29 8:23:20,gvanmaren_3dgis,2026-06-11 17:10:00,2026-06-11 17:11:00,11/06/2026 5:10:00 PM,11/06/2026 5:11:00 PM,4.928792953,4.928793111,-13704356.27,6321861.055,-13704356.27,6321861.055,0,112
113,evm-99,,,Foot Patrol,,,,,Off.,Sascha Gabor,022563214,,,,,,,,FIFA World Cup 2026™ - overflow even... 2026-6-11,evm-99 FIFA World Cup 2026™ - overflow even... 2026-6-11,,2026-04-29 8:24:12,gvanmaren_3dgis,2026-04-29 8:29:46,gvanmaren_3dgis,2026-06-11 17:10:00,2026-06-11 17:11:00,11/06/2026 5:10:00 PM,11/06/2026 5:11:00 PM,4.191029072,4.191029178,-13704278.77,6321903.316,-13704278.77,6321903.316,0,113
114,rr-56,,,Foot Patrol,,,,,Cpl.,,,,,,,,,,FIFA World Cup 2026™ - overflow even... 2026-6-11,rr-56 FIFA World Cup 2026™ - overflow even... 2026-6-11,,2026-04-29 8:24:44,gvanmaren_3dgis,2026-04-29 8:24:44,gvanmaren_3dgis,2026-06-11 17:10:00,2026-06-11 17:11:00,11/06/2026 5:10:00 PM,11/06/2026 5:11:00 PM,4.063602448,4.063602448,-13704201.25,6321842.45,-13704201.25,6321842.45,0,114
115,emt-34,,,Paramedic,Medics,,,,Off.,Henry Collins,045666333,,,,,,,,FIFA World Cup 2026™ - overflow even... 2026-6-11,emt-34 FIFA World Cup 2026™ - overflow even... 2026-6-11,,2026-04-29 8:25:35,gvanmaren_3dgis,2026-04-29 8:28:15,gvanmaren_3dgis,2026-06-11 17:10:00,2026-06-11 17:11:00,11/06/2026 5:10:00 PM,11/06/2026 5:11:00 PM,4.323612213,4.323612213,-13704522.48,6321856.06,-13704522.48,6321856.06,0,115
116,was-78,,,Paramedic,,,,,Maj.,,,,,,,,,,FIFA World Cup 2026™ - overflow even... 2026-6-11,was-78 FIFA World Cup 2026™ - overflow even... 2026-6-11,,2026-04-29 8:26:07,gvanmaren_3dgis,2026-04-29 8:26:07,gvanmaren_3dgis,2026-06-11 17:10:00,2026-06-11 17:11:00,11/06/2026 5:10:00 PM,11/06/2026 5:11:00 PM,4.554600239,4.554600239,-13704507.87,6321858.907,-13704507.87,6321858.907,0,116
117,gh-78,Carrall St,,Command Post,,,,,,Kurt Curtis,088569548,,,,,,,,FIFA World Cup 2026™ - overflow even... 2026-6-11,gh-78 FIFA World Cup 2026™ - overflow even... 2026-6-11,,2026-04-29 8:27:03,gvanmaren_3dgis,2026-04-29 8:30:17,gvanmaren_3dgis,2026-06-11 17:10:00,2026-06-11 17:11:00,11/06/2026 5:10:00 PM,11/06/2026 5:11:00 PM,4.829718113,4.829718113,-13704149.54,6321987.082,-13704149.54,6321987.082,0,117
